{
  "cnttask" : [ 13.192216873168945, 13.188006401062012, 11.01457691192627, 11.230895042419434, 11.31674575805664, 0, 0, 0, 0, 0, 0, 0, 0, 0, 0, 0, 0, 0, 0, 0, 0, 0, 0, 0, 0, 0, 0, 0, 0, 0, 0, 0, 0, 0, 0, 0, 0, 0, 0, 0, 0, 0, 0, 0, 0, 0, 0, 0, 0, 0, 0, 0, 0, 0, 0, 0, 0, 0, 0, 0, 0, 0, 0, 0, 0, 0, 0, 0, 0, 0, 0, 0, 0, 0, 0, 0, 0, 0, 0, 0, 0, 0, 0, 0, 0, 0, 0, 0, 0, 0, 0, 0, 0, 0, 0, 0, 0, 0, 0, 0, 0, 0, 0, 0, 0, 0, 0, 0, 0, 0, 0, 0, 0, 0, 0, 0, 0, 0, 0, 0, 0, 0, 0, 0, 0, 0, 0, 0, 0, 0, 0, 0, 0, 0, 0, 0, 0, 0, 0, 0, 0, 0, 0, 0, 0, 0, 0, 0, 0, 0, 0, 0, 0, 0, 0, 0, 0, 0, 0, 0, 0, 0, 0, 0, 0, 0, 0, 0, 0, 0 ],
  "smoothsum" : [ 11.407841682434082, 11.567419052124023, 11.720813751220703, 11.872554779052734, 12.0298490524292, 12.18256950378418, 12.3206205368042, 12.461099624633789, 12.581661224365234, 12.698997497558594, 12.812768936157227, 12.915701866149902, 12.994688034057617, 13.067754745483398, 13.11992359161377, 13.146464347839355, 13.184332847595215, 13.192216873168945, 13.186295509338379, 13.188006401062012, 13.154252052307129, 13.131881713867188, 13.111223220825195, 13.058099746704102, 13.013986587524414, 12.950515747070312, 12.857129096984863, 12.77548885345459, 12.64191722869873, 12.510405540466309, 12.348104476928711, 12.117448806762695, 11.82791519165039, 11.475934982299805, 11.129859924316406, 10.702397346496582, 10.190979957580566, 9.6560640335083, 9.023534774780273, 8.357483863830566, 7.618631362915039, 6.840584754943848, 5.9944586753845215, 5.1337456703186035, 4.211345672607422, 3.2787013053894043, 2.3299410343170166, 1.339999794960022, 0.3339921832084656, -0.689946174621582, -1.749968409538269, -2.793006420135498, -3.843376398086548, -4.911101341247559, -5.955105781555176, -6.995765209197998, -8.014896392822266, -8.980719566345215, -9.939346313476562, -10.831574440002441, -11.701014518737793, -12.513019561767578, -13.237573623657227, -13.87541675567627, -14.398796081542969, -14.90329360961914, -15.31392765045166, -15.622779846191406, -15.885406494140625, -16.06260108947754, -16.19463348388672, -16.25636100769043, -16.29206657409668, -16.293920516967773, -16.268558502197266, -16.21710777282715, -16.173627853393555, -16.139263153076172, -16.10910415649414, -16.050125122070312, -15.982009887695312, -15.961018562316895, -15.908364295959473, -15.883462905883789, -15.861727714538574, -15.79028034210205, -15.721240043640137, -15.595189094543457, -15.410955429077148, -15.173479080200195, -14.868338584899902, -14.465010643005371, -13.941951751708984, -13.306672096252441, -12.554583549499512, -11.647552490234375, -10.611533164978027, -9.44499397277832, -8.149359703063965, -6.76162052154541, -5.285269260406494, -3.754551649093628, -2.2004387378692627, -0.6471286416053772, 0.8805649280548096, 2.3517513275146484, 3.7476425170898438, 5.034922122955322, 6.219030857086182, 7.2833428382873535, 8.163613319396973, 8.888474464416504, 9.521980285644531, 9.99314022064209, 10.358181953430176, 10.647071838378906, 10.813891410827637, 10.939887046813965, 10.998163223266602, 11.01457691192627, 11.011194229125977, 10.994345664978027, 10.971031188964844, 10.916120529174805, 10.850800514221191, 10.783153533935547, 10.626649856567383, 10.41817855834961, 10.159462928771973, 9.794639587402344, 9.322037696838379, 8.705242156982422, 7.935732364654541, 7.059031009674072, 6.002822399139404, 4.815714359283447, 3.488510847091675, 2.0510621070861816, 0.5348349213600159, -1.0367953777313232, -2.642852783203125, -4.219285488128662, -5.764545440673828, -7.238327503204346, -8.609879493713379, -9.8589506149292, -11.005471229553223, -11.982993125915527, -12.819689750671387, -13.501696586608887, -14.068155288696289, -14.501433372497559, -14.824000358581543, -15.065848350524902, -15.255438804626465, -15.398050308227539, -15.4906587600708, -15.56312084197998, -15.606861114501953, -15.649468421936035, -15.690229415893555, -15.738961219787598, -15.747977256774902, -15.755669593811035, -15.790964126586914, -15.80185604095459, -15.822065353393555, -15.84194564819336, -15.772040367126465, -15.717843055725098, -15.656224250793457, -15.535360336303711, -15.373483657836914, -15.13759994506836, -14.82420825958252, -14.418262481689453, -13.89415454864502, -13.270357131958008, -12.538837432861328, -11.666893005371094, -10.670750617980957, -9.545537948608398, -8.329069137573242, -7.023477077484131, -5.653775215148926, -4.215936660766602, -2.767733573913574, -1.3125723600387573, 0.10967591404914856, 1.4929062128067017, 2.8150365352630615, 4.037548542022705, 5.182027339935303, 6.189817428588867, 7.104983806610107, 7.8899431228637695, 8.564492225646973, 9.154670715332031, 9.666300773620605, 10.02020263671875, 10.331766128540039, 10.591397285461426, 10.79084587097168, 10.95258617401123, 11.060556411743164, 11.135536193847656, 11.180315971374512, 11.181471824645996, 11.201703071594238, 11.230895042419434, 11.18515396118164, 11.127721786499023, 11.078859329223633, 11.026152610778809, 10.958381652832031, 10.871780395507812, 10.767398834228516, 10.668208122253418, 10.528158187866211, 10.412861824035645, 10.292959213256836, 10.152122497558594, 10.042510986328125, 9.917216300964355, 9.787069320678711, 9.633442878723145, 9.46666145324707, 9.281068801879883, 9.069692611694336, 8.786428451538086, 8.432598114013672, 7.982215881347656, 7.43473482131958, 6.76003360748291, 5.956367015838623, 5.025043964385986, 3.9524245262145996, 2.7723848819732666, 1.4713929891586304, 0.08599179983139038, -1.404651403427124, -2.870788097381592, -4.357053279876709, -5.828182697296143, -7.24854850769043, -8.58668327331543, -9.818264961242676, -10.922903060913086, -11.892901420593262, -12.715201377868652, -13.388639450073242, -13.938050270080566, -14.357149124145508, -14.689141273498535, -14.919800758361816, -15.0695219039917, -15.147309303283691, -15.180310249328613, -15.192649841308594, -15.195758819580078, -15.169039726257324, -15.15186882019043, -15.125970840454102, -15.10791301727295, -15.106634140014648, -15.100172996520996, -15.088275909423828, -15.074630737304688, -15.063889503479004, -15.05959415435791, -15.052724838256836, -15.043187141418457, -15.049885749816895, -15.037384986877441, -15.023387908935547, -15.013373374938965, -14.995604515075684, -14.97644329071045, -14.962926864624023, -14.9373779296875, -14.911787986755371, -14.88843822479248, -14.864458084106445, -14.849400520324707, -14.825675010681152, -14.810827255249023, -14.7776517868042, -14.757020950317383, -14.718152046203613, -14.642528533935547, -14.530014038085938, -14.380807876586914, -14.167484283447266, -13.879619598388672, -13.499090194702148, -12.990225791931152, -12.3756742477417, -11.628915786743164, -10.724778175354004, -9.70892333984375, -8.561593055725098, -7.304872512817383, -5.948327541351318, -4.510837078094482, -3.0298798084259033, -1.5325782299041748, -0.031607069075107574, 1.4417282342910767, 2.836416721343994, 4.158846378326416, 5.38885498046875, 6.510871887207031, 7.471438884735107, 8.313028335571289, 9.051069259643555, 9.647134780883789, 10.117597579956055, 10.484976768493652, 10.787699699401855, 11.000908851623535, 11.14713191986084, 11.236194610595703, 11.287152290344238, 11.312812805175781, 11.31674575805664, 11.298259735107422, 11.266752243041992, 11.237225532531738, 11.201000213623047, 11.150548934936523, 11.105992317199707, 11.073405265808105, 11.036748886108398, 11.003519058227539, 10.979811668395996, 10.95815372467041, 10.944497108459473, 10.923989295959473, 10.894822120666504, 10.905094146728516, 10.923991203308105 ],