{
  "cnttask" : [ 8.987272262573242, 9.124030113220215, 7.765716552734375, 10.184982299804688, 9.29716682434082, 0, 0, 0, 0, 0, 0, 0, 0, 0, 0, 0, 0, 0, 0, 0, 0, 0, 0, 0, 0, 0, 0, 0, 0, 0, 0, 0, 0, 0, 0, 0, 0, 0, 0, 0, 0, 0, 0, 0, 0, 0, 0, 0, 0, 0, 0, 0, 0, 0, 0, 0, 0, 0, 0, 0, 0, 0, 0, 0, 0, 0, 0, 0, 0, 0, 0, 0, 0, 0, 0, 0, 0, 0, 0, 0, 0, 0, 0, 0, 0, 0, 0, 0, 0, 0, 0, 0, 0, 0, 0, 0, 0, 0, 0, 0, 0, 0, 0, 0, 0, 0, 0, 0, 0, 0, 0, 0, 0, 0, 0, 0, 0, 0, 0, 0, 0, 0, 0, 0, 0, 0, 0, 0, 0, 0, 0, 0, 0, 0, 0, 0, 0, 0, 0, 0, 0, 0, 0, 0, 0, 0, 0, 0, 0, 0, 0, 0, 0, 0, 0, 0, 0, 0, 0, 0, 0, 0, 0, 0, 0, 0, 0, 0, 0, 0, 0, 0, 0, 0, 0, 0, 0, 0, 0, 0 ],
  "smoothsum" : [ 11.572467803955078, 11.531598091125488, 11.525225639343262, 11.485546112060547, 11.444948196411133, 11.42642593383789, 11.386392593383789, 11.362646102905273, 11.324384689331055, 11.28300952911377, 11.26146411895752, 11.227241516113281, 11.19149398803711, 11.165997505187988, 11.128583908081055, 11.090548515319824, 11.059159278869629, 11.006975173950195, 10.948502540588379, 10.898317337036133, 10.823899269104004, 10.739517211914062, 10.654528617858887, 10.563451766967773, 10.474050521850586, 10.36367130279541, 10.258560180664062, 10.142695426940918, 10.060086250305176, 9.971657752990723, 9.876246452331543, 9.81381607055664, 9.74074649810791, 9.628129005432129, 9.513531684875488, 9.364411354064941, 9.144713401794434, 8.868461608886719, 8.497450828552246, 8.023336410522461, 7.427754878997803, 6.71771240234375, 5.905367851257324, 4.933978080749512, 3.833217144012451, 2.6324074268341064, 1.336398720741272, -0.04460597410798073, -1.4459792375564575, -2.868368148803711, -4.3231048583984375, -5.700901031494141, -7.027165412902832, -8.296438217163086, -9.47498893737793, -10.572428703308105, -11.525534629821777, -12.371302604675293, -13.096233367919922, -13.69641399383545, -14.205638885498047, -14.61953353881836, -14.972400665283203, -15.240736961364746, -15.46494197845459, -15.614171981811523, -15.750802993774414, -15.853246688842773, -15.919845581054688, -15.979897499084473, -15.996405601501465, -16.012134552001953, -16.030588150024414, -16.04875946044922, -16.053119659423828, -16.054302215576172, -16.051212310791016, -16.061725616455078, -16.058650970458984, -16.066600799560547, -16.082651138305664, -16.085935592651367, -16.115816116333008, -16.131906509399414, -16.121538162231445, -16.102134704589844, -16.008726119995117, -15.879791259765625, -15.653816223144531, -15.328189849853516, -14.917412757873535, -14.347379684448242, -13.61862850189209, -12.740921974182129, -11.703639030456543, -10.496820449829102, -9.17916202545166, -7.710332870483398, -6.131402015686035, -4.502284526824951, -2.874704599380493, -1.2494632005691528, 0.3649241328239441, 1.9040029048919678, 3.312382698059082, 4.589140892028809, 5.686980724334717, 6.622445106506348, 7.412482261657715, 7.999356269836426, 8.423527717590332, 8.73332691192627, 8.913256645202637, 8.983081817626953, 8.987272262573242, 8.938019752502441, 8.85918140411377, 8.724808692932129, 8.573519706726074, 8.40925121307373, 8.255810737609863, 8.13697624206543, 7.958784103393555, 7.784791469573975, 7.595965385437012, 7.387070655822754, 7.117067337036133, 6.80126953125, 6.424156665802002, 5.974201202392578, 5.451692581176758, 4.880643844604492, 4.204780578613281, 3.414292097091675, 2.5024783611297607, 1.4833515882492065, 0.36305931210517883, -0.8069815635681152, -2.058567523956299, -3.385550022125244, -4.733858108520508, -6.08096170425415, -7.431297779083252, -8.716511726379395, -9.94819450378418, -11.105393409729004, -12.166343688964844, -13.112059593200684, -13.925203323364258, -14.581978797912598, -15.108970642089844, -15.524547576904297, -15.8704195022583, -16.050697326660156, -16.16976547241211, -16.247486114501953, -16.287078857421875, -16.260807037353516, -16.234603881835938, -16.187271118164062, -16.15777015686035, -16.11394691467285, -16.091279983520508, -16.067651748657227, -16.036455154418945, -15.98734188079834, -15.911174774169922, -15.792081832885742, -15.63628101348877, -15.419046401977539, -15.105819702148438, -14.6917724609375, -14.177297592163086, -13.544480323791504, -12.805209159851074, -11.917145729064941, -10.904680252075195, -9.789920806884766, -8.566856384277344, -7.262574195861816, -5.910623550415039, -4.490879535675049, -3.023460865020752, -1.5478570461273193, -0.15252543985843658, 1.1849806308746338, 2.478628396987915, 3.6632347106933594, 4.723437786102295, 5.688681125640869, 6.539488315582275, 7.230930805206299, 7.780681133270264, 8.23877239227295, 8.609643936157227, 8.86750316619873, 9.011825561523438, 9.08751392364502, 9.124030113220215, 9.080450057983398, 9.003301620483398, 8.898262977600098, 8.778322219848633, 8.64683723449707, 8.509302139282227, 8.377874374389648, 8.24051570892334, 8.103381156921387, 7.980042934417725, 7.875141143798828, 7.796736717224121, 7.749164581298828, 7.713321685791016, 7.685546875, 7.661032676696777, 7.677547454833984, 7.712859630584717, 7.733273506164551, 7.755418300628662, 7.765716552734375, 7.717352867126465, 7.585801601409912, 7.419841289520264, 7.170965671539307, 6.815064907073975, 6.30498743057251, 5.666161060333252, 4.904730319976807, 3.984703302383423, 2.9035072326660156, 1.7376426458358765, 0.44852298498153687, -0.9371119737625122, -2.395465612411499, -3.872535467147827, -5.351633071899414, -6.792315483093262, -8.203981399536133, -9.514402389526367, -10.703892707824707, -11.785075187683105, -12.735574722290039, -13.537728309631348, -14.197301864624023, -14.742177963256836, -15.156997680664062, -15.441997528076172, -15.642736434936523, -15.766263008117676, -15.855027198791504, -15.894393920898438, -15.874399185180664, -15.847826957702637, -15.804490089416504, -15.762480735778809, -15.723155975341797, -15.698722839355469, -15.68072509765625, -15.66345500946045, -15.64030647277832, -15.617456436157227, -15.624329566955566, -15.636011123657227, -15.625036239624023, -15.612174987792969, -15.585676193237305, -15.514677047729492, -15.404478073120117, -15.282816886901855, -15.102434158325195, -14.843863487243652, -14.51380729675293, -14.096970558166504, -13.591255187988281, -13.004672050476074, -12.308028221130371, -11.543309211730957, -10.707268714904785, -9.785951614379883, -8.819958686828613, -7.7238287925720215, -6.594850063323975, -5.45902681350708, -4.270359039306641, -3.0646653175354004, -1.8653596639633179, -0.6743346452713013, 0.5009819865226746, 1.6585016250610352, 2.7698171138763428, 3.820765495300293, 4.804208278656006, 5.723616123199463, 6.582552433013916, 7.355587959289551, 8.02768611907959, 8.606929779052734, 9.080924034118652, 9.443120956420898, 9.7691650390625, 9.993943214416504, 10.116929054260254, 10.179951667785645, 10.184982299804688, 10.131691932678223, 10.036585807800293, 9.909435272216797, 9.786791801452637, 9.652427673339844, 9.501256942749023, 9.391091346740723, 9.265381813049316, 9.149657249450684, 9.051605224609375, 8.957870483398438, 8.871673583984375, 8.806136131286621, 8.743332862854004, 8.68902587890625, 8.63357925415039, 8.57970142364502, 8.531383514404297, 8.489294052124023, 8.447977066040039, 8.407636642456055, 8.35739803314209, 8.344379425048828, 8.336692810058594, 8.330845832824707, 8.328071594238281, 8.341099739074707, 8.372162818908691, 8.412426948547363, 8.461862564086914, 8.518584251403809, 8.587225914001465, 8.660326957702637, 8.731291770935059, 8.796881675720215, 8.866820335388184, 8.952876091003418, 9.04830265045166, 9.091079711914062, 9.135927200317383, 9.18469524383545, 9.229072570800781, 9.265480995178223, 9.287919044494629, 9.29716682434082, 9.29437255859375, 9.281878471374512, 9.258946418762207, 9.225868225097656, 9.18416690826416, 9.135468482971191, 9.081159591674805, 9.021684646606445, 8.956515312194824, 8.888195991516113, 8.816280364990234, 8.741195678710938 ],