{
  "cnttask" : [ 7.9508137702941895, 8.08228874206543, 9.96163272857666, 10.878222465515137, 9.703115463256836, 0, 0, 0, 0, 0, 0, 0, 0, 0, 0, 0, 0, 0, 0, 0, 0, 0, 0, 0, 0, 0, 0, 0, 0, 0, 0, 0, 0, 0, 0, 0, 0, 0, 0, 0, 0, 0, 0, 0, 0, 0, 0, 0, 0, 0, 0, 0, 0, 0, 0, 0, 0, 0, 0, 0, 0, 0, 0, 0, 0, 0, 0, 0, 0, 0, 0, 0, 0, 0, 0, 0, 0, 0, 0, 0, 0, 0, 0, 0, 0, 0, 0, 0, 0, 0, 0, 0, 0, 0, 0, 0, 0, 0, 0, 0, 0, 0, 0, 0, 0, 0, 0, 0, 0, 0, 0, 0, 0, 0, 0, 0, 0, 0, 0, 0, 0, 0, 0, 0, 0, 0, 0, 0, 0, 0, 0, 0, 0, 0, 0, 0, 0, 0, 0, 0, 0, 0, 0, 0, 0, 0, 0, 0, 0, 0, 0, 0, 0, 0, 0, 0, 0, 0, 0, 0, 0, 0, 0, 0, 0, 0, 0, 0, 0, 0, 0, 0, 0, 0, 0, 0, 0, 0, 0, 0 ],
  "smoothsum" : [ 11.440224647521973, 11.388263702392578, 11.317671775817871, 11.2529935836792, 11.202412605285645, 11.120136260986328, 11.06997299194336, 10.973860740661621, 10.84610366821289, 10.727373123168945, 10.660849571228027, 10.547528266906738, 10.41954231262207, 10.315042495727539, 10.20673656463623, 10.093632698059082, 9.98615837097168, 9.886893272399902, 9.773364067077637, 9.705266952514648, 9.662473678588867, 9.613456726074219, 9.589875221252441, 9.566166877746582, 9.545860290527344, 9.510632514953613, 9.440568923950195, 9.302996635437012, 9.123497009277344, 8.876813888549805, 8.53997802734375, 8.079216957092285, 7.510309219360352, 6.8226118087768555, 5.988361358642578, 5.013225078582764, 3.916111469268799, 2.680828332901001, 1.4172292947769165, 0.10680017620325089, -1.2348839044570923, -2.6494905948638916, -4.023364067077637, -5.35020637512207, -6.5963897705078125, -7.780128002166748, -8.837079048156738, -9.809183120727539, -10.68139362335205, -11.422155380249023, -12.014922142028809, -12.561210632324219, -12.988654136657715, -13.343213081359863, -13.667658805847168, -13.907562255859375, -14.155190467834473, -14.369775772094727, -14.501849174499512, -14.665511131286621, -14.821577072143555, -14.95407772064209, -15.079951286315918, -15.199535369873047, -15.323311805725098, -15.436774253845215, -15.548738479614258, -15.6250581741333, -15.694098472595215, -15.775794982910156, -15.840036392211914, -15.896339416503906, -15.934438705444336, -15.936314582824707, -15.899096488952637, -15.861562728881836, -15.75323486328125, -15.58823013305664, -15.319480895996094, -14.940718650817871, -14.515856742858887, -14.015813827514648, -13.325273513793945, -12.525537490844727, -11.661985397338867, -10.630373001098633, -9.537848472595215, -8.348602294921875, -7.07146692276001, -5.794575214385986, -4.4747843742370605, -3.1353049278259277, -1.8143645524978638, -0.5511693358421326, 0.6513698101043701, 1.7965221405029297, 2.8236653804779053, 3.7637908458709717, 4.600100994110107, 5.308244705200195, 5.9086503982543945, 6.426333904266357, 6.82792854309082, 7.148169040679932, 7.407817363739014, 7.601767063140869, 7.747515678405762, 7.855587959289551, 7.9184064865112305, 7.9508137702941895, 7.945136547088623, 7.981115818023682, 8.004179000854492, 8.016101837158203, 8.023957252502441, 8.044022560119629, 8.052481651306152, 8.066904067993164, 8.08228874206543, 8.07630729675293, 8.057600021362305, 8.018217086791992, 7.9033894538879395, 7.721766471862793, 7.504331111907959, 7.177310466766357, 6.729183197021484, 6.19410514831543, 5.5167460441589355, 4.683821201324463, 3.717475414276123, 2.6467716693878174, 1.4422595500946045, 0.15260595083236694, -1.2158032655715942, -2.6484322547912598, -4.1121368408203125, -5.5226569175720215, -6.918177127838135, -8.260721206665039, -9.497836112976074, -10.61650276184082, -11.625008583068848, -12.48574447631836, -13.205788612365723, -13.807138442993164, -14.253543853759766, -14.591064453125, -14.842138290405273, -15.022412300109863, -15.145796775817871, -15.218591690063477, -15.277059555053711, -15.27595329284668, -15.281285285949707, -15.319743156433105, -15.33092975616455, -15.365764617919922, -15.410265922546387, -15.464924812316895, -15.511075019836426, -15.518814086914062, -15.538284301757812, -15.53986644744873, -15.51125431060791, -15.42146110534668, -15.2569580078125, -14.992772102355957, -14.688030242919922, -14.245407104492188, -13.657696723937988, -12.949953079223633, -12.096211433410645, -11.083212852478027, -9.971848487854004, -8.731375694274902, -7.346644878387451, -5.925703048706055, -4.4420390129089355, -2.922673225402832, -1.4207720756530762, 0.018921347334980965, 1.4106651544570923, 2.722923517227173, 3.862130880355835, 4.892609596252441, 5.7967400550842285, 6.534739971160889, 7.140371322631836, 7.611016273498535, 7.970447540283203, 8.231627464294434, 8.400588035583496, 8.500150680541992, 8.579379081726074, 8.652952194213867, 8.704263687133789, 8.739879608154297, 8.795269966125488, 8.893205642700195, 8.964269638061523, 9.065584182739258, 9.181513786315918, 9.29134464263916, 9.400909423828125, 9.540377616882324, 9.644248962402344, 9.71743106842041, 9.811102867126465, 9.870665550231934, 9.896440505981445, 9.92822551727295, 9.96163272857666, 9.94717025756836, 9.903487205505371, 9.878260612487793, 9.836285591125488, 9.798063278198242, 9.736828804016113, 9.66576099395752, 9.598556518554688, 9.523995399475098, 9.441205978393555, 9.359782218933105, 9.271236419677734, 9.158265113830566, 8.988496780395508, 8.76028060913086, 8.470755577087402, 8.112797737121582, 7.6417622566223145, 7.08799934387207, 6.394819259643555, 5.5518903732299805, 4.57544469833374, 3.476602077484131, 2.2497971057891846, 0.9298436641693115, -0.48601651191711426, -1.9451041221618652, -3.421504259109497, -4.89927864074707, -6.351078987121582, -7.754753112792969, -9.066535949707031, -10.260754585266113, -11.307452201843262, -12.245180130004883, -13.040205001831055, -13.694499015808105, -14.189631462097168, -14.590239524841309, -14.877702713012695, -15.073190689086914, -15.223854064941406, -15.322912216186523, -15.391963958740234, -15.438549995422363, -15.469888687133789, -15.481887817382812, -15.508692741394043, -15.547321319580078, -15.580730438232422, -15.61919116973877, -15.650857925415039, -15.694022178649902, -15.730117797851562, -15.765084266662598, -15.791096687316895, -15.805191993713379, -15.82227611541748, -15.838613510131836, -15.836255073547363, -15.834243774414062, -15.80583381652832, -15.735655784606934, -15.617124557495117, -15.482499122619629, -15.259420394897461, -14.965807914733887, -14.574156761169434, -14.09453296661377, -13.494815826416016, -12.7814359664917, -11.934294700622559, -10.949235916137695, -9.869324684143066, -8.666674613952637, -7.383938789367676, -6.021308898925781, -4.584029674530029, -3.1278536319732666, -1.6724281311035156, -0.23071590065956116, 1.155072808265686, 2.4617578983306885, 3.6938648223876953, 4.811051368713379, 5.81149435043335, 6.6816253662109375, 7.443288803100586, 8.082019805908203, 8.603799819946289, 9.020970344543457, 9.352766990661621, 9.612397193908691, 9.812859535217285, 9.966018676757812, 10.094802856445312, 10.19754409790039, 10.285745620727539, 10.36854362487793, 10.441266059875488, 10.523863792419434, 10.605657577514648, 10.666640281677246, 10.71955394744873, 10.787799835205078, 10.817742347717285, 10.850577354431152, 10.878222465515137, 10.865873336791992, 10.838810920715332, 10.801326751708984, 10.735356330871582, 10.657429695129395, 10.573108673095703, 10.472053527832031, 10.365965843200684, 10.259055137634277, 10.156317710876465, 10.047991752624512, 9.939138412475586, 9.8439302444458, 9.762723922729492, 9.694331169128418, 9.640105247497559, 9.596282958984375, 9.565120697021484, 9.546429634094238, 9.538663864135742, 9.544053077697754, 9.554168701171875, 9.569741249084473, 9.587745666503906, 9.609230995178223, 9.62973690032959, 9.647796630859375, 9.66313362121582, 9.677197456359863, 9.687708854675293, 9.695253372192383, 9.699409484863281, 9.702805519104004, 9.703115463256836, 9.701921463012695, 9.701186180114746, 9.699357986450195, 9.696956634521484, 9.694812774658203, 9.69375991821289 ],