{
  "cnttask" : [ 12.25775146484375, 12.288863182067871, 12.29429817199707, 12.283774375915527, 12.260186195373535, 11.873044967651367, 11.89317798614502, 10.498896598815918, 9.586999893188477, 9.541080474853516, 0, 0, 0, 0, 0, 0, 0, 0, 0, 0, 0, 0, 0, 0, 0, 0, 0, 0, 0, 0, 0, 0, 0, 0, 0, 0, 0, 0, 0, 0, 0, 0, 0, 0, 0, 0, 0, 0, 0, 0, 0, 0, 0, 0, 0, 0, 0, 0, 0, 0, 0, 0, 0, 0, 0, 0, 0, 0, 0, 0, 0, 0, 0, 0, 0, 0, 0, 0, 0, 0, 0, 0, 0, 0, 0, 0, 0, 0, 0, 0, 0, 0, 0, 0, 0, 0, 0, 0, 0, 0, 0, 0, 0, 0, 0, 0, 0, 0, 0, 0, 0, 0, 0, 0, 0, 0, 0, 0, 0, 0, 0, 0, 0, 0, 0, 0, 0, 0, 0, 0, 0, 0, 0, 0, 0, 0, 0, 0, 0, 0, 0, 0, 0, 0, 0, 0, 0, 0, 0, 0, 0, 0, 0, 0, 0, 0, 0, 0, 0, 0, 0, 0, 0, 0, 0, 0, 0, 0, 0, 0, 0, 0, 0, 0, 0, 0, 0, 0, 0, 0, 0, 0, 0, 0, 0, 0, 0, 0, 0, 0, 0, 0, 0, 0, 0, 0, 0, 0, 0, 0 ],
  "smoothsum" : [ 12.134696960449219, 12.158051490783691, 12.185371398925781, 12.191933631896973, 12.215656280517578, 12.232171058654785, 12.25775146484375, 12.252481460571289, 12.264854431152344, 12.288863182067871, 12.274998664855957, 12.284369468688965, 12.29429817199707, 12.283336639404297, 12.283774375915527, 12.277022361755371, 12.257771492004395, 12.260186195373535, 12.248941421508789, 12.212552070617676, 12.202104568481445, 12.184008598327637, 12.158358573913574, 12.148489952087402, 12.138263702392578, 12.116108894348145, 12.089001655578613, 12.053699493408203, 12.0427885055542, 12.019278526306152, 11.974034309387207, 11.954795837402344, 11.921578407287598, 11.87321662902832, 11.845758438110352, 11.786157608032227, 11.74660587310791, 11.697964668273926, 11.665151596069336, 11.633296966552734, 11.58808422088623, 11.548945426940918, 11.514969825744629, 11.45580005645752, 11.400607109069824, 11.29576587677002, 11.140830993652344, 10.916116714477539, 10.693591117858887, 10.38139820098877, 9.995257377624512, 9.508063316345215, 8.944170951843262, 8.30630874633789, 7.569753646850586, 6.7835540771484375, 5.965943336486816, 5.106449127197266, 4.2417378425598145, 3.3109848499298096, 2.3891408443450928, 1.4790462255477905, 0.5682902932167053, -0.3179512917995453, -1.1748453378677368, -2.0390121936798096, -2.8750343322753906, -3.719581365585327, -4.5726118087768555, -5.415347576141357, -6.2668843269348145, -7.132458686828613, -7.968912601470947, -8.827757835388184, -9.667399406433105, -10.4926118850708, -11.285425186157227, -12.023120880126953, -12.673128128051758, -13.337112426757812, -13.922675132751465, -14.431774139404297, -14.863493919372559, -15.221156120300293, -15.510821342468262, -15.729353904724121, -15.900588989257812, -16.040740966796875, -16.14817237854004, -16.239768981933594, -16.281646728515625, -16.315898895263672, -16.31991958618164, -16.319236755371094, -16.318923950195312, -16.321882247924805, -16.312885284423828, -16.302566528320312, -16.295024871826172, -16.279340744018555, -16.262067794799805, -16.25356674194336, -16.238279342651367, -16.223546981811523, -16.21400260925293, -16.209775924682617, -16.208721160888672, -16.205860137939453, -16.2008113861084, -16.20029640197754, -16.207406997680664, -16.203975677490234, -16.203378677368164, -16.205110549926758, -16.204286575317383, -16.205154418945312, -16.213348388671875, -16.22245216369629, -16.223472595214844, -16.203535079956055, -16.16463279724121, -16.110050201416016, -16.046884536743164, -15.957979202270508, -15.803571701049805, -15.612974166870117, -15.349678039550781, -15.009864807128906, -14.57729434967041, -14.045845031738281, -13.416417121887207, -12.712272644042969, -11.892681121826172, -10.935033798217773, -9.893244743347168, -8.759297370910645, -7.525467395782471, -6.219512939453125, -4.869464874267578, -3.4825668334960938, -2.0635523796081543, -0.6584504842758179, 0.7112355828285217, 2.0605897903442383, 3.3355066776275635, 4.538732051849365, 5.659327030181885, 6.700862407684326, 7.645700931549072, 8.482775688171387, 9.196802139282227, 9.79803466796875, 10.309743881225586, 10.740007400512695, 11.086152076721191, 11.33932113647461, 11.559898376464844, 11.702829360961914, 11.807371139526367, 11.863944053649902, 11.873044967651367, 11.871721267700195, 11.89317798614502, 11.877835273742676, 11.785096168518066, 11.734143257141113, 11.623629570007324, 11.459482192993164, 11.22957992553711, 10.94182300567627, 10.538040161132812, 10.01562213897705, 9.393869400024414, 8.627901077270508, 7.68925666809082, 6.6392903327941895, 5.434934139251709, 4.105628967285156, 2.6674740314483643, 1.1388810873031616, -0.44715163111686707, -2.0569536685943604, -3.6688671112060547, -5.253304958343506, -6.774977207183838, -8.20779800415039, -9.521626472473145, -10.732542037963867, -11.794258117675781, -12.714116096496582, -13.511137008666992, -14.152427673339844, -14.679377555847168, -15.121829986572266, -15.437061309814453, -15.658287048339844, -15.868962287902832, -15.985818862915039, -16.083316802978516, -16.1491641998291, -16.1929874420166, -16.2236270904541, -16.241025924682617, -16.266843795776367, -16.286907196044922, -16.27570915222168, -16.291109085083008, -16.29027557373047, -16.3084716796875, -16.317869186401367, -16.3101749420166, -16.31981658935547, -16.310394287109375, -16.291860580444336, -16.277528762817383, -16.25212860107422, -16.226539611816406, -16.19264793395996, -16.151086807250977, -16.116153717041016, -16.061599731445312, -15.995291709899902, -15.941374778747559, -15.863731384277344, -15.775781631469727, -15.732046127319336, -15.659358978271484, -15.561223983764648, -15.483359336853027, -15.387078285217285, -15.264101028442383, -15.118295669555664, -14.899466514587402, -14.644194602966309, -14.34101676940918, -13.940226554870605, -13.469563484191895, -12.895881652832031, -12.197439193725586, -11.370951652526855, -10.412837982177734, -9.344276428222656, -8.161575317382812, -6.871023654937744, -5.49727725982666, -4.072890758514404, -2.609361410140991, -1.1256192922592163, 0.3279235363006592, 1.7436048984527588, 3.110886573791504, 4.364143371582031, 5.519906997680664, 6.56414794921875, 7.4467854499816895, 8.19516372680664, 8.840459823608398, 9.346732139587402, 9.712465286254883, 9.99023723602295, 10.208258628845215, 10.356042861938477, 10.438447952270508, 10.468297004699707, 10.483624458312988, 10.498896598815918, 10.45246696472168, 10.412113189697266, 10.374961853027344, 10.262072563171387, 10.167003631591797, 10.025579452514648, 9.822306632995605, 9.558296203613281, 9.226837158203125, 8.818140029907227, 8.34826374053955, 7.760495662689209, 7.07981538772583, 6.346004486083984, 5.498653411865234, 4.600707054138184, 3.6386048793792725, 2.588477849960327, 1.5372039079666138, 0.44035306572914124, -0.6624747514724731, -1.7778517007827759, -2.8725993633270264, -3.9195423126220703, -4.929352283477783, -5.9120683670043945, -6.819032192230225, -7.6785125732421875, -8.486851692199707, -9.252049446105957, -9.996142387390137, -10.661128997802734, -11.295114517211914, -11.884395599365234, -12.41163444519043, -12.927352905273438, -13.408357620239258, -13.856620788574219, -14.232423782348633, -14.589205741882324, -14.914016723632812, -15.210355758666992, -15.433971405029297, -15.611526489257812, -15.783217430114746, -15.873772621154785, -15.955033302307129, -16.01383399963379, -16.021053314208984, -16.022979736328125, -16.00726318359375, -15.998473167419434, -15.97347354888916, -15.948504447937012, -15.941298484802246, -15.921272277832031, -15.90647029876709, -15.906590461730957, -15.880486488342285, -15.844863891601562, -15.790482521057129, -15.692747116088867, -15.547891616821289, -15.34671401977539, -15.104186058044434, -14.745915412902832, -14.289412498474121, -13.76379108428955, -13.104764938354492, -12.3499755859375, -11.520525932312012, -10.588563919067383, -9.570745468139648, -8.494125366210938, -7.351454257965088, -6.152515411376953, -4.92288875579834, -3.681511640548706, -2.462893009185791, -1.2339438199996948, -0.05406983196735382, 1.0603700876235962, 2.1476666927337646, 3.1616106033325195, 4.091890811920166, 4.959195137023926, 5.735622406005859, 6.44039249420166, 7.0648908615112305, 7.602996349334717, 