{
  "cnttask" : [ 8.42579460144043, 8.69994831085205, 8.691306114196777, 8.493425369262695, 9.09791088104248, 0, 0, 0, 0, 0, 0, 0, 0, 0, 0, 0, 0, 0, 0, 0, 0, 0, 0, 0, 0, 0, 0, 0, 0, 0, 0, 0, 0, 0, 0, 0, 0, 0, 0, 0, 0, 0, 0, 0, 0, 0, 0, 0, 0, 0, 0, 0, 0, 0, 0, 0, 0, 0, 0, 0, 0, 0, 0, 0, 0, 0, 0, 0, 0, 0, 0, 0, 0, 0, 0, 0, 0, 0, 0, 0, 0, 0, 0, 0, 0, 0, 0, 0, 0, 0, 0, 0, 0, 0, 0, 0, 0, 0, 0, 0, 0, 0, 0, 0, 0, 0, 0, 0, 0, 0, 0, 0, 0, 0, 0, 0, 0, 0, 0, 0, 0, 0, 0, 0, 0, 0, 0, 0, 0, 0, 0, 0, 0, 0, 0, 0, 0, 0, 0, 0, 0, 0, 0, 0, 0, 0, 0, 0, 0, 0, 0, 0, 0, 0, 0, 0, 0, 0, 0, 0 ],
  "smoothsum" : [ 10.874256134033203, 10.832893371582031, 10.810629844665527, 10.760125160217285, 10.704678535461426, 10.671502113342285, 10.61854362487793, 10.585694313049316, 10.5361967086792, 10.48357105255127, 10.4439697265625, 10.393097877502441, 10.349174499511719, 10.308144569396973, 10.270034790039062, 10.236523628234863, 10.209281921386719, 10.181798934936523, 10.15665054321289, 10.125351905822754, 10.070206642150879, 10.009430885314941, 9.925285339355469, 9.769353866577148, 9.5589599609375, 9.299814224243164, 8.921238899230957, 8.466444969177246, 7.925596237182617, 7.249632835388184, 6.446585178375244, 5.537205219268799, 4.5255126953125, 3.3922066688537598, 2.1994636058807373, 1.005531907081604, -0.2826361656188965, -1.5898810625076294, -2.912496328353882, -4.203497886657715, -5.440723896026611, -6.623061656951904, -7.729262828826904, -8.772246360778809, -9.680588722229004, -10.51095199584961, -11.258894920349121, -11.908976554870605, -12.521897315979004, -13.032540321350098, -13.45865535736084, -13.835650444030762, -14.16596794128418, -14.44771957397461, -14.694209098815918, -14.89394760131836, -15.059185028076172, -15.207422256469727, -15.352747917175293, -15.46396541595459, -15.579553604125977, -15.659141540527344, -15.722282409667969, -15.79246997833252, -15.823792457580566, -15.837263107299805, -15.87807846069336, -15.8677396774292, -15.81017780303955, -15.701203346252441, -15.521029472351074, -15.265134811401367, -14.910126686096191, -14.420793533325195, -13.801697731018066, -13.105879783630371, -12.239563941955566, -11.213103294372559, -10.106351852416992, -8.853155136108398, -7.517660140991211, -6.122101783752441, -4.673428535461426, -3.2084462642669678, -1.7557071447372437, -0.33044594526290894, 1.0135449171066284, 2.2830657958984375, 3.4584734439849854, 4.4881415367126465, 5.378653526306152, 6.182178974151611, 6.815306186676025, 7.307183265686035, 7.715278625488281, 8.017803192138672, 8.222684860229492, 8.343501091003418, 8.417374610900879, 8.42579460144043, 8.393022537231445, 8.326567649841309, 8.236690521240234, 8.098151206970215, 7.905513763427734, 7.666596412658691, 7.378987789154053, 6.9919891357421875, 6.495025157928467, 5.92763614654541, 5.257969379425049, 4.457200527191162, 3.546856641769409, 2.5518574714660645, 1.4493414163589478, 0.2640824615955353, -0.9826727509498596, -2.260507345199585, -3.589714527130127, -4.888468265533447, -6.138151168823242, -7.367983818054199, -8.514933586120605, -9.533707618713379, -10.469015121459961, -11.310044288635254, -12.0446195602417, -12.653730392456055, -13.162837982177734, -13.591733932495117, -13.912409782409668, -14.164105415344238, -14.362360000610352, -14.531867027282715, -14.675529479980469, -14.783367156982422, -14.887682914733887, -14.996769905090332, -15.072456359863281, -15.169832229614258, -15.267285346984863, -15.366534233093262, -15.459671974182129, -15.557626724243164, -15.661977767944336, -15.749268531799316, -15.821150779724121, -15.862898826599121, -15.874420166015625, -15.827642440795898, -15.715713500976562, -15.52292537689209, -15.215057373046875, -14.808990478515625, -14.301590919494629, -13.614541053771973, -12.816717147827148, -11.877531051635742, -10.80642032623291, -9.59631061553955, -8.306288719177246, -6.940711498260498, -5.508914470672607, -4.048394680023193, -2.5974655151367188, -1.1596475839614868, 0.2108694463968277, 1.494898796081543, 2.7056801319122314, 3.7744579315185547, 4.742455005645752, 5.570759296417236, 6.266323566436768, 6.835190773010254, 7.303858757019043, 7.677552700042725, 7.963106155395508, 8.168904304504395, 8.329710960388184, 8.45548152923584, 8.526598930358887, 8.574832916259766, 8.61854076385498, 8.66670036315918, 8.694596290588379, 8.69994831085205, 8.68747615814209, 8.691306114196777, 8.688467979431152, 8.679509162902832, 8.64992618560791, 8.628068923950195, 8.603575706481934, 8.577032089233398, 8.56035327911377, 8.5472993850708, 8.51201057434082, 8.485527992248535, 8.493425369262695, 8.484089851379395, 8.455549240112305, 8.401814460754395, 8.334712982177734, 8.226741790771484, 8.06548023223877, 7.852932929992676, 7.539343357086182, 7.137413024902344, 6.624922275543213, 5.977777481079102, 5.19411039352417, 4.290680885314941, 3.2578771114349365, 2.081824541091919, 0.8144794702529907, -0.5385851860046387, -1.9479506015777588, -3.4049909114837646, -4.858647346496582, -6.300732612609863, -7.697548866271973, -9.010968208312988, -10.216849327087402, -11.309784889221191, -12.2818603515625, -13.124473571777344, -13.819683074951172, -14.35470962524414, -14.775324821472168, -15.127246856689453, -15.368000984191895, -15.526992797851562, -15.608895301818848, -15.66421890258789, -15.698225975036621, -15.702840805053711, -15.712685585021973, -15.69648265838623, -15.704551696777344, -15.721569061279297, -15.742018699645996, -15.76878547668457, -15.785527229309082, -15.805107116699219, -15.821100234985352, -15.844806671142578, -15.861553192138672, -15.876072883605957, -15.887312889099121, -15.904677391052246, -15.91064453125, -15.90925121307373, -15.911931037902832, -15.906683921813965, -15.903936386108398, -15.898032188415527, -15.894951820373535, -15.86532211303711, -15.849312782287598, -15.83359146118164, -15.785490989685059, -15.735875129699707, -15.667863845825195, -15.594629287719727, -15.480300903320312, -15.317460060119629, -15.099430084228516, -14.818674087524414, -14.464388847351074, -14.001348495483398, -13.444461822509766, -12.777973175048828, -11.980339050292969, -11.064931869506836, -10.020448684692383, -8.83959674835205, -7.562646389007568, -6.199369430541992, -4.773401260375977, -3.3135452270507812, -1.8310917615890503, -0.3536098003387451, 1.0662040710449219, 2.399611473083496, 3.6391541957855225, 4.781267166137695, 5.7803053855896, 6.656985759735107, 7.357180118560791, 7.92329216003418, 8.369492530822754, 8.69422721862793, 8.906719207763672, 9.04334831237793, 9.095250129699707, 9.09791088104248, 9.070685386657715, 9.015028953552246, 8.944584846496582, 8.863746643066406, 8.77930736541748, 8.711437225341797, 8.664373397827148, 8.624552726745605, 8.597536087036133, 8.584075927734375, 8.571477890014648, 8.56697940826416, 8.571040153503418, 8.590128898620605, 8.624311447143555, 8.659252166748047, 8.689360618591309, 8.732078552246094, 8.789887428283691, 8.844609260559082, 8.889494895935059, 8.955241203308105, 9.003680229187012, 9.068876266479492, 9.145665168762207 ],