{
  "cnttask" : [ 8.264330863952637, 9.637648582458496, 0, 0, 0, 0, 0, 0, 0, 0, 0, 0, 0, 0, 0, 0, 0, 0, 0, 0, 0, 0, 0, 0, 0, 0, 0, 0, 0, 0, 0, 0, 0, 0, 0, 0, 0, 0, 0, 0, 0, 0, 0, 0, 0, 0, 0, 0, 0, 0, 0, 0, 0, 0, 0, 0, 0, 0, 0, 0, 0, 0, 0, 0, 0, 0, 0, 0, 0, 0, 0, 0, 0, 0, 0, 0, 0, 0, 0, 0, 0, 0, 0, 0, 0, 0, 0, 0, 0, 0, 0, 0, 0, 0, 0, 0, 0, 0, 0, 0, 0, 0, 0, 0, 0, 0, 0, 0, 0, 0, 0, 0, 0, 0, 0, 0, 0, 0, 0, 0, 0, 0, 0, 0, 0, 0, 0, 0, 0, 0, 0, 0, 0, 0, 0, 0, 0, 0, 0, 0, 0, 0, 0, 0, 0, 0, 0, 0, 0, 0, 0, 0, 0, 0, 0, 0, 0, 0, 0, 0, 0, 0, 0, 0, 0, 0, 0, 0, 0, 0 ],
  "smoothsum" : [ 10.562007904052734, 10.515399932861328, 10.459850311279297, 10.435118675231934, 10.376825332641602, 10.322264671325684, 10.262681007385254, 10.20414924621582, 10.16131591796875, 10.093425750732422, 10.046212196350098, 9.984021186828613, 9.895162582397461, 9.84290599822998, 9.77357006072998, 9.682433128356934, 9.605022430419922, 9.509235382080078, 9.348055839538574, 9.159311294555664, 8.945063591003418, 8.652270317077637, 8.293020248413086, 7.876450538635254, 7.351253032684326, 6.742834568023682, 6.016071319580078, 5.166466236114502, 4.193484783172607, 3.1492362022399902, 2.054429531097412, 0.8953294157981873, -0.3441738486289978, -1.617288589477539, -2.92171049118042, -4.190989971160889, -5.438660144805908, -6.6199421882629395, -7.731801986694336, -8.800898551940918, -9.76473331451416, -10.623068809509277, -11.400845527648926, -12.07042407989502, -12.648918151855469, -13.152082443237305, -13.566829681396484, -13.93531322479248, -14.2284517288208, -14.483059883117676, -14.684935569763184, -14.819784164428711, -14.938812255859375, -15.05385971069336, -15.11082935333252, -15.161795616149902, -15.248971939086914, -15.261673927307129, -15.272624969482422, -15.29026985168457, -15.258872985839844, -15.259040832519531, -15.3079252243042, -15.327912330627441, -15.3419189453125, -15.363520622253418, -15.379158973693848, -15.38846206665039, -15.398466110229492, -15.393475532531738, -15.328740119934082, -15.20583438873291, -15.048251152038574, -14.800431251525879, -14.453649520874023, -14.045323371887207, -13.51265811920166, -12.866399765014648, -12.113923072814941, -11.250727653503418, -10.267559051513672, -9.192935943603516, -8.073589324951172, -6.895378589630127, -5.661766052246094, -4.418046474456787, -3.165534734725952, -1.930047631263733, -0.7529062628746033, 0.3783271610736847, 1.4369184970855713, 2.391873359680176, 3.2725670337677, 4.057675838470459, 4.756387233734131, 5.399283409118652, 5.90147590637207, 6.322812557220459, 6.728498935699463, 7.082414150238037, 7.3443121910095215, 7.560652256011963, 7.757059574127197, 7.894357204437256, 7.992070198059082, 8.080835342407227, 8.142678260803223, 8.194769859313965, 8.26331615447998, 8.264330863952637, 8.245824813842773, 8.23715591430664, 8.198697090148926, 8.128579139709473, 8.073111534118652, 8.00505256652832, 7.926309585571289, 7.808287620544434, 7.6913299560546875, 7.5524396896362305, 7.37966251373291, 7.190936088562012, 6.963924884796143, 6.694226264953613, 6.37936544418335, 5.997461795806885, 5.497769355773926, 4.972463130950928, 4.346826553344727, 3.5694351196289062, 2.7231407165527344, 1.8104077577590942, 0.7782760262489319, -0.3551705479621887, -1.5443475246429443, -2.759679079055786, -4.014230728149414, -5.2666401863098145, -6.519856929779053, -7.757135391235352, -8.871867179870605, -9.931493759155273, -10.936918258666992, -11.81070327758789, -12.563264846801758, -13.220829963684082, -13.745047569274902, -14.205068588256836, -14.55066967010498, -14.805603981018066, -15.002004623413086, -15.151755332946777, -15.233119010925293, -15.298894882202148, -15.35012149810791, -15.372381210327148, -15.398221969604492, -15.41904067993164, -15.427210807800293, -15.426044464111328, -15.404109954833984, -15.416587829589844, -15.429924011230469, -15.414238929748535, -15.387140274047852, -15.34327220916748, -15.26701545715332, -15.162713050842285, -15.006628036499023, -14.771611213684082, -14.476147651672363, -14.111512184143066, -13.624354362487793, -13.009394645690918, -12.284804344177246, -11.431894302368164, -10.474698066711426, -9.398807525634766, -8.179123878479004, -6.865415573120117, -5.511667251586914, -4.089789867401123, -2.6286611557006836, -1.2137151956558228, 0.20159782469272614, 1.5697600841522217, 2.837688684463501, 4.030149459838867, 5.101305961608887, 6.051782608032227, 6.889468669891357, 7.5942535400390625, 8.152820587158203, 8.61133098602295, 8.973662376403809, 9.239707946777344, 9.417197227478027, 9.531715393066406, 9.612569808959961, 9.637648582458496, 9.63515853881836, 9.620829582214355, 9.586305618286133, 9.535407066345215, 9.467986106872559, 9.368080139160156, 9.228904724121094, 9.098213195800781, 8.900550842285156, 8.633610725402832, 8.298333168029785, 7.892282485961914, 7.366466045379639, 6.73565673828125, 6.01116943359375, 5.159999847412109, 4.1758623123168945, 3.0968050956726074, 1.8910036087036133, 0.6404313445091248, -0.6993573307991028, -2.0961852073669434, -3.5117640495300293, -4.914251804351807, -6.297805309295654, -7.619422435760498, -8.882766723632812, -10.020618438720703, -11.07146167755127, -12.017284393310547, -12.809433937072754, -13.474742889404297, -14.04397201538086, -14.503767967224121, -14.848392486572266, -15.105828285217285, -15.299745559692383, -15.428312301635742, -15.488999366760254, -15.513738632202148, -15.529483795166016, -15.522334098815918, -15.503554344177246, -15.477774620056152, -15.457967758178711, -15.424117088317871, -15.394148826599121, -15.362031936645508, -15.327788352966309, -15.271032333374023, -15.235734939575195, -15.169950485229492, -15.08489990234375, -14.972458839416504, -14.813596725463867, -14.600578308105469, -14.350737571716309, -14.041858673095703, -13.69662094116211, -13.255568504333496, -12.7484769821167, -12.175199508666992, -11.533285140991211, -10.803068161010742, -10.024946212768555, -9.188478469848633, -8.302210807800293, -7.355716228485107, -6.352346897125244, -5.329497814178467, -4.302325248718262, -3.291198492050171, -2.25469970703125, -1.1995357275009155, -0.15554095804691315, 0.8327205181121826, 1.7759768962860107, 2.698943853378296, 3.541916847229004, 4.335123062133789, 5.083944797515869, 5.754976749420166, 6.351855278015137, 6.900136947631836, 7.3764543533325195, 7.771801948547363, 8.103697776794434, 8.35372257232666, 8.569564819335938, 8.741455078125, 8.856316566467285, 8.953250885009766, 9.01529312133789, 9.047846794128418, 9.067447662353516, 9.100749015808105, 9.127727508544922, 9.161527633666992, 9.20313835144043, 9.242178916931152, 9.274150848388672, 9.332518577575684, 9.445255279541016, 9.542413711547852, 9.61875057220459, 9.68892765045166, 9.791607856750488, 9.888507843017578, 9.956048965454102, 10.050293922424316, 10.128268241882324, 10.174778938293457, 10.228486061096191, 10.278592109680176, 10.306434631347656, 10.326916694641113, 10.351064682006836, 10.360064506530762, 10.379191398620605, 10.386719703674316, 10.398378372192383, 10.408862113952637, 10.419571876525879, 10.433135032653809, 10.4501371383667, 10.46731185913086, 10.48537540435791, 10.504508018493652, 10.524105072021484, 10.542431831359863, 10.558643341064453, 10.575360298156738, 10.589067459106445, 10.60031509399414, 10.608989715576172, 10.61755084991455, 10.624234199523926, 10.630061149597168, 10.634838104248047, 10.637625694274902, 10.639589309692383 ],