{
  "cnttask" : [ 10.434525489807129, 10.004002571105957, 9.852699279785156, 8.886775016784668, 0, 0, 0, 0, 0, 0, 0, 0, 0, 0, 0, 0, 0, 0, 0, 0, 0, 0, 0, 0, 0, 0, 0, 0, 0, 0, 0, 0, 0, 0, 0, 0, 0, 0, 0, 0, 0, 0, 0, 0, 0, 0, 0, 0, 0, 0, 0, 0, 0, 0, 0, 0, 0, 0, 0, 0, 0, 0, 0, 0, 0, 0, 0, 0, 0, 0, 0, 0, 0, 0, 0, 0, 0, 0, 0, 0, 0, 0, 0, 0, 0, 0, 0, 0, 0, 0, 0, 0, 0, 0, 0, 0, 0, 0, 0, 0, 0, 0, 0, 0, 0, 0, 0, 0, 0, 0, 0, 0, 0, 0, 0, 0, 0, 0, 0, 0, 0, 0, 0, 0, 0, 0, 0, 0, 0, 0, 0, 0, 0, 0, 0, 0, 0, 0, 0, 0, 0, 0, 0, 0, 0, 0, 0, 0, 0, 0, 0, 0, 0, 0, 0, 0, 0, 0, 0, 0, 0, 0, 0, 0, 0, 0, 0, 0, 0, 0, 0, 0, 0, 0, 0, 0, 0, 0, 0, 0 ],
  "smoothsum" : [ 10.745064735412598, 10.701973915100098, 10.654627799987793, 10.626956939697266, 10.587329864501953, 10.538816452026367, 10.484448432922363, 10.428228378295898, 10.366504669189453, 10.311803817749023, 10.25656509399414, 10.1680908203125, 10.087953567504883, 10.025260925292969, 9.937485694885254, 9.863166809082031, 9.798844337463379, 9.715211868286133, 9.644829750061035, 9.575706481933594, 9.493111610412598, 9.422990798950195, 9.315693855285645, 9.170934677124023, 8.9837646484375, 8.748154640197754, 8.457402229309082, 8.067710876464844, 7.604427814483643, 7.04682731628418, 6.359655857086182, 5.581788539886475, 4.673304080963135, 3.657550096511841, 2.5528979301452637, 1.3680046796798706, 0.12180669605731964, -1.1696616411209106, -2.5045366287231445, -3.8363194465637207, -5.147609233856201, -6.451518535614014, -7.6765618324279785, -8.826875686645508, -9.930474281311035, -10.902961730957031, -11.744205474853516, -12.530816078186035, -13.186281204223633, -13.741013526916504, -14.196436882019043, -14.56397533416748, -14.879378318786621, -15.111626625061035, -15.268512725830078, -15.400797843933105, -15.46737003326416, -15.537612915039062, -15.564226150512695, -15.578680992126465, -15.607842445373535, -15.619144439697266, -15.64996337890625, -15.676002502441406, -15.67090892791748, -15.708721160888672, -15.735854148864746, -15.784984588623047, -15.830341339111328, -15.86051082611084, -15.900106430053711, -15.962806701660156, -15.994119644165039, -16.01667022705078, -16.047630310058594, -16.027301788330078, -15.995311737060547, -15.970405578613281, -15.872701644897461, -15.7092924118042, -15.484393119812012, -15.180862426757812, -14.769227027893066, -14.222630500793457, -13.608617782592773, -12.896811485290527, -12.003457069396973, -11.018465042114258, -9.918936729431152, -8.717973709106445, -7.44896125793457, -6.110357761383057, -4.7365312576293945, -3.364635944366455, -1.9711551666259766, -0.6398718357086182, 0.6650874018669128, 1.8842295408248901, 3.030972480773926, 4.076080322265625, 5.023919582366943, 5.865442276000977, 6.603845596313477, 7.23877477645874, 7.783723831176758, 8.261422157287598, 8.628569602966309, 8.948753356933594, 9.21791934967041, 9.444731712341309, 9.629344940185547, 9.789356231689453, 9.911295890808105, 10.003273963928223, 10.057080268859863, 10.144702911376953, 10.239428520202637, 10.267304420471191, 10.303291320800781, 10.344767570495605, 10.368108749389648, 10.390670776367188, 10.409543991088867, 10.434525489807129, 10.427213668823242, 10.379393577575684, 10.28080940246582, 10.125207901000977, 9.90545654296875, 9.602561950683594, 9.193137168884277, 8.662435531616211, 7.991079330444336, 7.183727264404297, 6.21443510055542, 5.100077152252197, 3.8310673236846924, 2.457350492477417, 0.9941719770431519, -0.5515674948692322, -2.1350440979003906, -3.743954658508301, -5.337886333465576, -6.879635334014893, -8.32815170288086, -9.672872543334961, -10.907737731933594, -11.995880126953125, -12.906646728515625, -13.677440643310547, -14.306147575378418, -14.76904582977295, -15.128043174743652, -15.362712860107422, -15.538796424865723, -15.635246276855469, -15.665738105773926, -15.66156005859375, -15.633661270141602, -15.584259033203125, -15.547067642211914, -15.51303482055664, -15.473284721374512, -15.450235366821289, -15.432684898376465, -15.426563262939453, -15.430965423583984, -15.429976463317871, -15.427214622497559, -15.426671981811523, -15.420838356018066, -15.382889747619629, -15.3195219039917, -15.20980167388916, -15.032763481140137, -14.793344497680664, -14.463346481323242, -14.01290225982666, -13.44287395477295, -12.742865562438965, -11.8938627243042, -10.929615020751953, -9.824190139770508, -8.56592845916748, -7.228084087371826, -5.798641681671143, -4.305821418762207, -2.8107964992523193, -1.2962740659713745, 0.19185125827789307, 1.6079086065292358, 2.9542295932769775, 4.1858229637146, 5.281735897064209, 6.266763210296631, 7.095510005950928, 7.788355350494385, 8.354522705078125, 8.802047729492188, 9.15632438659668, 9.416430473327637, 9.615381240844727, 9.728336334228516, 9.81883716583252, 9.881134986877441, 9.925782203674316, 9.960824012756348, 9.992288589477539, 10.004002571105957, 9.988924980163574, 9.98331069946289, 9.96718978881836, 9.964034080505371, 9.932144165039062, 9.9021577835083, 9.860976219177246, 9.817184448242188, 9.764473915100098, 9.733219146728516, 9.707816123962402, 9.686445236206055, 9.685064315795898, 9.706249237060547, 9.735133171081543, 9.77399730682373, 9.82065486907959, 9.845504760742188, 9.852699279785156, 9.820669174194336, 9.717939376831055, 9.537248611450195, 9.255462646484375, 8.887117385864258, 8.40288257598877, 7.757818222045898, 6.9724626541137695, 6.0404839515686035, 4.9641032218933105, 3.7680389881134033, 2.4554903507232666, 1.0810151100158691, -0.364258736371994, -1.8570047616958618, -3.3467557430267334, -4.820033073425293, -6.254674911499023, -7.616925239562988, -8.882379531860352, -10.051783561706543, -11.110719680786133, -12.033978462219238, -12.82857894897461, -13.511738777160645, -14.085402488708496, -14.521434783935547, -14.886980056762695, -15.184979438781738, -15.40962028503418, -15.57784652709961, -15.698179244995117, -15.768424987792969, -15.820060729980469, -15.8408784866333, -15.866303443908691, -15.885658264160156, -15.882735252380371, -15.882628440856934, -15.880898475646973, -15.865348815917969, -15.864364624023438, -15.853194236755371, -15.861784934997559, -15.882107734680176, -15.8696928024292, -15.881481170654297, -15.879499435424805, -15.88097858428955, -15.892149925231934, -15.898615837097168, -15.907711029052734, -15.905949592590332, -15.920934677124023, -15.92734146118164, -15.929417610168457, -15.911781311035156, -15.922459602355957, -15.883602142333984, -15.81965446472168, -15.728622436523438, -15.584851264953613, -15.395258903503418, -15.136920928955078, -14.76903247833252, -14.316474914550781, -13.741012573242188, -13.040884971618652, -12.212864875793457, -11.249338150024414, -10.17187786102295, -8.992365837097168, -7.7093915939331055, -6.312252044677734, -4.866846561431885, -3.4038093090057373, -1.9374734163284302, -0.447632372379303, 0.9637405872344971, 2.292860507965088, 3.546149969100952, 4.643824577331543, 5.627055644989014, 6.469202518463135, 7.183326244354248, 7.7439141273498535, 8.18461799621582, 8.488775253295898, 8.719560623168945, 8.848862648010254, 8.885522842407227, 8.886775016784668, 8.837769508361816, 8.773923873901367, 8.706366539001465, 8.633499145507812, 8.583602905273438, 8.536715507507324, 8.510237693786621, 8.505586624145508, 8.513401985168457, 8.548418045043945, 8.614026069641113, 8.688088417053223, 8.744059562683105, 8.83053207397461, 8.95662784576416, 9.069842338562012, 9.158700942993164, 9.276176452636719, 9.387519836425781, 9.48265266418457, 9.597944259643555, 9.698392868041992, 9.79289436340332, 9.875853538513184, 9.962114334106445, 10.036169052124023, 10.104696273803711, 10.162468910217285, 10.209321975708008, 10.259720802307129, 10.298186302185059, 10.336094856262207, 10.368013381958008, 10.394947052001953, 10.417128562927246, 10.437582969665527, 10.45542049407959, 10.470699310302734, 10.487846374511719, 10.503779411315918, 10.519121170043945 ],