{
  "cnttask" : [ 10.030330657958984, 8.70618724822998, 8.715688705444336, 8.733162879943848, 9.515016555786133, 9.23397445678711, 0, 0, 0, 0, 0, 0, 0, 0, 0, 0, 0, 0, 0, 0, 0, 0, 0, 0, 0, 0, 0, 0, 0, 0, 0, 0, 0, 0, 0, 0, 0, 0, 0, 0, 0, 0, 0, 0, 0, 0, 0, 0, 0, 0, 0, 0, 0, 0, 0, 0, 0, 0, 0, 0, 0, 0, 0, 0, 0, 0, 0, 0, 0, 0, 0, 0, 0, 0, 0, 0, 0, 0, 0, 0, 0, 0, 0, 0, 0, 0, 0, 0, 0, 0, 0, 0, 0, 0, 0, 0, 0, 0, 0, 0, 0, 0, 0, 0, 0, 0, 0, 0, 0, 0, 0, 0, 0, 0, 0, 0, 0, 0, 0, 0, 0, 0, 0, 0, 0, 0, 0, 0, 0, 0, 0, 0, 0, 0, 0, 0, 0, 0, 0, 0, 0, 0, 0, 0, 0, 0, 0, 0, 0, 0, 0, 0, 0, 0, 0, 0, 0, 0, 0, 0, 0, 0, 0, 0, 0, 0, 0, 0, 0, 0, 0, 0, 0, 0, 0, 0, 0, 0, 0, 0 ],
  "smoothsum" : [ 11.64140510559082, 11.63907527923584, 11.615623474121094, 11.593938827514648, 11.575119018554688, 11.522712707519531, 11.500218391418457, 11.436487197875977, 11.373052597045898, 11.309272766113281, 11.213432312011719, 11.119629859924316, 11.012955665588379, 10.880114555358887, 10.749410629272461, 10.612168312072754, 10.46517562866211, 10.313587188720703, 10.169242858886719, 10.033775329589844, 9.899033546447754, 9.781388282775879, 9.682250022888184, 9.610845565795898, 9.565824508666992, 9.534831047058105, 9.523734092712402, 9.549300193786621, 9.587296485900879, 9.640766143798828, 9.72324275970459, 9.789173126220703, 9.858172416687012, 9.930343627929688, 9.98960018157959, 10.030330657958984, 10.029583930969238, 9.991250038146973, 9.938787460327148, 9.828033447265625, 9.685582160949707, 9.520841598510742, 9.289020538330078, 9.072174072265625, 8.786683082580566, 8.457782745361328, 8.096203804016113, 7.713155746459961, 7.343092918395996, 6.894485950469971, 6.450026035308838, 5.990789413452148, 5.482384204864502, 5.002923488616943, 4.477617263793945, 3.9107017517089844, 3.3536489009857178, 2.769922971725464, 2.1455600261688232, 1.5074729919433594, 0.841654360294342, 0.13660003244876862, -0.5960724949836731, -1.3997093439102173, -2.2247467041015625, -3.0746471881866455, -4.0095391273498535, -4.9300031661987305, -5.90386962890625, -6.863405227661133, -7.81020975112915, -8.739766120910645, -9.644014358520508, -10.493788719177246, -11.36669635772705, -12.12391185760498, -12.787435531616211, -13.390459060668945, -13.905559539794922, -14.349967002868652, -14.68701457977295, -14.965654373168945, -15.164617538452148, -15.29035472869873, -15.426492691040039, -15.479475021362305, -15.512556076049805, -15.522183418273926, -15.527793884277344, -15.514716148376465, -15.491525650024414, -15.485462188720703, -15.478691101074219, -15.461508750915527, -15.443346977233887, -15.421618461608887, -15.446431159973145, -15.454723358154297, -15.439751625061035, -15.42528247833252, -15.41873836517334, -15.408939361572266, -15.425834655761719, -15.431868553161621, -15.413318634033203, -15.34573745727539, -15.227660179138184, -15.105666160583496, -14.903740882873535, -14.597084999084473, -14.217887878417969, -13.705358505249023, -13.078178405761719, -12.324310302734375, -11.404675483703613, -10.367714881896973, -9.22220230102539, -7.934011459350586, -6.59199857711792, -5.165736198425293, -3.7010269165039062, -2.2316160202026367, -0.78550785779953, 0.6159963011741638, 1.9471795558929443, 3.1838536262512207, 4.303928375244141, 5.281618118286133, 6.129300117492676, 6.821000099182129, 7.398895263671875, 7.814569473266602, 8.146586418151855, 8.388266563415527, 8.557744979858398, 8.655600547790527, 8.70618724822998, 8.702298164367676, 8.700311660766602, 8.715688705444336, 8.715373039245605, 8.717874526977539, 8.718778610229492, 8.733162879943848, 8.7151517868042, 8.669084548950195, 8.620882987976074, 8.468265533447266, 8.24980354309082, 7.969391822814941, 7.570631980895996, 7.042633056640625, 6.373813152313232, 5.587977886199951, 4.652973175048828, 3.585895538330078, 2.3908698558807373, 1.0549253225326538, -0.31832778453826904, -1.769747018814087, -3.2603769302368164, -4.768545627593994, -6.199754238128662, -7.6180500984191895, -8.955934524536133, -10.190679550170898, -11.304567337036133, -12.302111625671387, -13.165177345275879, -13.864471435546875, -14.463427543640137, -14.94548511505127, -15.31974983215332, -15.578730583190918, -15.795083045959473, -15.933834075927734, -16.023719787597656, -16.086074829101562, -16.09423065185547, -16.09250831604004, -16.098827362060547, -16.076669692993164, -16.06768798828125, -16.04568099975586, -16.024431228637695, -16.006935119628906, -16.015153884887695, -16.003435134887695, -15.991106033325195, -15.993707656860352, -15.953459739685059, -15.891448974609375, -15.802988052368164, -15.685254096984863, -15.489537239074707, -15.19992446899414, -14.812273979187012, -14.309322357177734, -13.6547269821167, -12.852665901184082, -11.918456077575684, -10.855484008789062, -9.656787872314453, -8.31371784210205, -6.879704475402832, -5.394942760467529, -3.828509569168091, -2.3027539253234863, -0.7951750755310059, 0.6729910373687744, 2.0484609603881836, 3.326958417892456, 4.460840225219727, 5.474686622619629, 6.336841106414795, 7.060373306274414, 7.664607524871826, 8.146167755126953, 8.513349533081055, 8.81660270690918, 9.007434844970703, 9.16504955291748, 9.272056579589844, 9.362523078918457, 9.432047843933105, 9.47428035736084, 9.49613094329834, 9.515016555786133, 9.514461517333984, 9.460075378417969, 9.405261039733887, 9.317049026489258, 9.2291259765625, 9.120180130004883, 8.953655242919922, 8.704208374023438, 8.443330764770508, 8.09151840209961, 7.720845699310303, 7.27745246887207, 6.7470293045043945, 6.119350433349609, 5.392021179199219, 4.565174579620361, 3.6429474353790283, 2.6090540885925293, 1.4761666059494019, 0.2631307542324066, -1.0255303382873535, -2.351149082183838, -3.738605499267578, -5.081653594970703, -6.430515766143799, -7.72581148147583, -8.962908744812012, -10.127730369567871, -11.184060096740723, -12.1026029586792, -12.934941291809082, -13.6351318359375, -14.17459774017334, -14.616463661193848, -14.968990325927734, -15.21977710723877, -15.406855583190918, -15.527656555175781, -15.605514526367188, -15.62802505493164, -15.610906600952148, -15.602328300476074, -15.601184844970703, -15.585301399230957, -15.571578025817871, -15.568604469299316, -15.560153007507324, -15.57066535949707, -15.57944393157959, -15.58445930480957, -15.599875450134277, -15.602140426635742, -15.611322402954102, -15.596400260925293, -15.575427055358887, -15.52088451385498, -15.441863059997559, -15.308659553527832, -15.098662376403809, -14.840964317321777, -14.540295600891113, -14.112923622131348, -13.591448783874512, -13.00352668762207, -12.304162979125977, -11.478611946105957, -10.552021026611328, -9.520747184753418, -8.424686431884766, -7.217283725738525, -5.963593482971191, -4.674133777618408, -3.320145606994629, -1.9418890476226807, -0.6188051700592041, 0.698196291923523, 1.9698790311813354, 3.1586642265319824, 4.269259452819824, 5.290274143218994, 6.1800856590271, 6.954051971435547, 7.6155924797058105, 8.143939971923828, 8.56103229522705, 8.875653266906738, 9.10335636138916, 9.212634086608887, 9.23397445678711, 9.172016143798828, 9.082182884216309, 8.960619926452637, 8.794166564941406, 8.614387512207031, 8.462163925170898, 8.308725357055664, 8.163707733154297, 8.041752815246582, 7.945570468902588, 7.885859489440918, 7.8613176345825195, 7.892054080963135, 7.951614856719971, 8.01960277557373, 8.11330509185791, 8.264823913574219, 8.42164421081543, 8.585391998291016, 8.770001411437988, 8.956215858459473, 9.134222984313965, 9.327923774719238, 9.510169982910156, 9.671942710876465, 9.841536521911621, 9.998809814453125, 10.13986587524414, 10.242883682250977, 10.355713844299316, 10.456709861755371, 10.540528297424316, 10.607619285583496, 10.669622421264648, 10.721837997436523, 10.763575553894043, 10.795985221862793, 10.824226379394531, 10.848515510559082, 10.867863655090332, 10.8853178024292, 10.90173053741455, 10.911861419677734, 10.91655158996582 ],