{
  "cnttask" : [ 12.688994407653809, 12.6865873336792, 9.825417518615723, 10.271638870239258, 11.00974178314209, 0, 0, 0, 0, 0, 0, 0, 0, 0, 0, 0, 0, 0, 0, 0, 0, 0, 0, 0, 0, 0, 0, 0, 0, 0, 0, 0, 0, 0, 0, 0, 0, 0, 0, 0, 0, 0, 0, 0, 0, 0, 0, 0, 0, 0, 0, 0, 0, 0, 0, 0, 0, 0, 0, 0, 0, 0, 0, 0, 0, 0, 0, 0, 0, 0, 0, 0, 0, 0, 0, 0, 0, 0, 0, 0, 0, 0, 0, 0, 0, 0, 0, 0, 0, 0, 0, 0, 0, 0, 0, 0, 0, 0, 0, 0, 0, 0, 0, 0, 0, 0, 0, 0, 0, 0, 0, 0, 0, 0, 0, 0, 0, 0, 0, 0, 0, 0, 0, 0, 0, 0, 0, 0, 0, 0, 0, 0, 0, 0, 0, 0, 0, 0, 0, 0, 0, 0, 0, 0, 0, 0, 0, 0, 0, 0, 0, 0, 0, 0, 0, 0, 0, 0, 0, 0, 0, 0, 0, 0, 0, 0, 0, 0, 0, 0, 0, 0, 0, 0, 0, 0, 0, 0, 0, 0 ],
  "smoothsum" : [ 12.671258926391602, 12.688994407653809, 12.673229217529297, 12.6865873336792, 12.669514656066895, 12.661832809448242, 12.634090423583984, 12.59778881072998, 12.55875015258789, 12.49748706817627, 12.447492599487305, 12.365764617919922, 12.266700744628906, 12.176017761230469, 12.042783737182617, 11.928881645202637, 11.796209335327148, 11.649219512939453, 11.524530410766602, 11.386834144592285, 11.234952926635742, 11.117308616638184, 11.005885124206543, 10.86679458618164, 10.726101875305176, 10.56128215789795, 10.37968921661377, 10.178282737731934, 9.907144546508789, 9.656259536743164, 9.286879539489746, 8.878966331481934, 8.402631759643555, 7.855146408081055, 7.24060583114624, 6.569466590881348, 5.826201438903809, 5.049371719360352, 4.22153902053833, 3.3603994846343994, 2.4635813236236572, 1.5211771726608276, 0.5665555596351624, -0.4139227867126465, -1.43240487575531, -2.438436269760132, -3.48091983795166, -4.523696422576904, -5.558812618255615, -6.559553146362305, -7.563084125518799, -8.537038803100586, -9.487529754638672, -10.409028053283691, -11.249762535095215, -12.032963752746582, -12.73169994354248, -13.36191177368164, -13.919171333312988, -14.35012149810791, -14.78809642791748, -15.084810256958008, -15.316618919372559, -15.527030944824219, -15.655622482299805, -15.765398025512695, -15.847334861755371, -15.892946243286133, -15.947093963623047, -15.969147682189941, -16.001548767089844, -16.023677825927734, -16.03032875061035, -16.05278968811035, -16.06126594543457, -16.0538387298584, -16.055885314941406, -16.04744529724121, -16.01611328125, -15.980008125305176, -15.981825828552246, -15.943842887878418, -15.883196830749512, -15.816864967346191, -15.721292495727539, -15.601983070373535, -15.434207916259766, -15.201508522033691, -14.887128829956055, -14.475668907165527, -13.976534843444824, -13.3565673828125, -12.603316307067871, -11.738892555236816, -10.725850105285645, -9.609688758850098, -8.391762733459473, -7.078572750091553, -5.708820819854736, -4.280797481536865, -2.8697292804718018, -1.4642293453216553, -0.08343323320150375, 1.2158933877944946, 2.446160078048706, 3.572009801864624, 4.543315410614014, 5.403056621551514, 6.138157367706299, 6.746450901031494, 7.210060119628906, 7.581652641296387, 7.87753963470459, 8.074291229248047, 8.201181411743164, 8.302385330200195, 8.37181282043457, 8.405624389648438, 8.441758155822754, 8.491851806640625, 8.510452270507812, 8.56967544555664, 8.664710998535156, 8.7546968460083, 8.845224380493164, 8.955050468444824, 9.064448356628418, 9.191372871398926, 9.319005966186523, 9.434290885925293, 9.549521446228027, 9.6659574508667, 9.749674797058105, 9.801159858703613, 9.825417518615723, 9.782401084899902, 9.676013946533203, 9.516167640686035, 9.282615661621094, 8.97514820098877, 8.578597068786621, 8.107437133789062, 7.557585716247559, 6.942142009735107, 6.257056713104248, 5.52232027053833, 4.731490612030029, 3.870476722717285, 3.0288422107696533, 2.186691999435425, 1.2995636463165283, 0.43135765194892883, -0.44703495502471924, -1.3544573783874512, -2.2588865756988525, -3.1546132564544678, -4.062708854675293, -4.959077835083008, -5.8655266761779785, -6.781915664672852, -7.666240215301514, -8.557585716247559, -9.43431282043457, -10.276466369628906, -11.096078872680664, -11.876617431640625, -12.600085258483887, -13.240028381347656, -13.816438674926758, -14.313065528869629, -14.732362747192383, -15.10096263885498, -15.365106582641602, -15.57286262512207, -15.756024360656738, -15.882493019104004, -15.970114707946777, -16.03513526916504, -16.037803649902344, -16.031288146972656, -16.04936981201172, -16.04352378845215, -16.00682830810547, -16.00008773803711, -15.979092597961426, -15.946555137634277, -15.928614616394043, -15.892766952514648, -15.86538314819336, -15.83242416381836, -15.77570915222168, -15.754800796508789, -15.714034080505371, -15.660600662231445, -15.572381973266602, -15.467082977294922, -15.313896179199219, -15.110581398010254, -14.8527193069458, -14.500382423400879, -14.052502632141113, -13.501032829284668, -12.825592041015625, -12.026714324951172, -11.099858283996582, -10.054895401000977, -8.877717971801758, -7.585531711578369, -6.22320556640625, -4.787968635559082, -3.317206382751465, -1.8271207809448242, -0.34996432065963745, 1.0677517652511597, 2.4373528957366943, 3.7217800617218018, 4.881134510040283, 5.936464786529541, 6.85977840423584, 7.648192405700684, 8.301584243774414, 8.828739166259766, 9.2710542678833, 9.596116065979004, 9.834941864013672, 9.997743606567383, 10.120521545410156, 10.182588577270508, 10.233845710754395, 10.257080078125, 10.271638870239258, 10.27011775970459, 10.235991477966309, 10.218544960021973, 10.200360298156738, 10.162226676940918, 10.129425048828125, 10.08443832397461, 9.982793807983398, 9.878131866455078, 9.739724159240723, 9.547686576843262, 9.302820205688477, 8.990265846252441, 8.57301139831543, 8.092273712158203, 7.479867935180664, 6.792062759399414, 5.992561340332031, 5.055093765258789, 4.024251461029053, 2.890361785888672, 1.6670194864273071, 0.36593618988990784, -0.9742138385772705, -2.3254969120025635, -3.7003684043884277, -5.057295322418213, -6.3549628257751465, -7.594487190246582, -8.77322769165039, -9.866122245788574, -10.838384628295898, -11.696449279785156, -12.448884963989258, -13.094673156738281, -13.618592262268066, -14.069600105285645, -14.425432205200195, -14.693055152893066, -14.9042329788208, -15.067960739135742, -15.2009859085083, -15.274402618408203, -15.341361999511719, -15.360207557678223, -15.377726554870605, -15.363907814025879, -15.359123229980469, -15.350074768066406, -15.331957817077637, -15.302379608154297, -15.27015495300293, -15.245753288269043, -15.233351707458496, -15.19389533996582, -15.182234764099121, -15.165669441223145, -15.139155387878418, -15.148447036743164, -15.151139259338379, -15.137164115905762, -15.131366729736328, -15.136069297790527, -15.121864318847656, -15.112466812133789, -15.101898193359375, -15.063942909240723, -14.98672866821289, -14.909354209899902, -14.799872398376465, -14.641852378845215, -14.41348648071289, -14.17360782623291, -13.917015075683594, -13.553442001342773, -13.143973350524902, -12.691658020019531, -12.171558380126953, -11.594876289367676, -10.970027923583984, -10.278666496276855, -9.526933670043945, -8.756197929382324, -7.943591594696045, -7.056491851806641, -6.1515212059021, -5.19592809677124, -4.191595077514648, -3.1644489765167236, -2.100569486618042, -1.0444284677505493, 0.008020859211683273, 1.0864487886428833, 2.145352602005005, 3.1705877780914307, 4.176530361175537, 5.144397735595703, 6.052595138549805, 6.894688606262207, 7.660841941833496, 8.355828285217285, 8.955655097961426, 9.443355560302734, 9.895724296569824, 10.27131462097168, 10.516130447387695, 10.714102745056152, 10.85688304901123, 10.96616268157959, 11.00974178314209, 11.001254081726074, 10.974271774291992, 10.88154411315918, 10.793840408325195, 10.705503463745117, 10.60226821899414, 10.488944053649902, 10.37330436706543, 10.244852066040039, 10.118438720703125, 9.994754791259766, 9.886569023132324, 9.792214393615723, 9.67731761932373, 9.574560165405273, 9.490671157836914, 9.402148246765137, 9.32856559753418, 9.256213188171387, 9.19342041015625 ],