{
  "cnttask" : [ 10.11548900604248, 10.107094764709473, 9.240960121154785, 10.19226360321045, 8.72359848022461, 0, 0, 0, 0, 0, 0, 0, 0, 0, 0, 0, 0, 0, 0, 0, 0, 0, 0, 0, 0, 0, 0, 0, 0, 0, 0, 0, 0, 0, 0, 0, 0, 0, 0, 0, 0, 0, 0, 0, 0, 0, 0, 0, 0, 0, 0, 0, 0, 0, 0, 0, 0, 0, 0, 0, 0, 0, 0, 0, 0, 0, 0, 0, 0, 0, 0, 0, 0, 0, 0, 0, 0, 0, 0, 0, 0, 0, 0, 0, 0, 0, 0, 0, 0, 0, 0, 0, 0, 0, 0, 0, 0, 0, 0, 0, 0, 0, 0, 0, 0, 0, 0, 0, 0, 0, 0, 0, 0, 0, 0, 0, 0, 0, 0, 0, 0, 0, 0, 0, 0, 0, 0, 0, 0, 0, 0, 0, 0, 0, 0, 0, 0, 0, 0, 0, 0, 0, 0, 0, 0, 0, 0, 0, 0, 0, 0, 0, 0, 0, 0, 0, 0, 0, 0, 0, 0, 0, 0, 0, 0, 0, 0, 0, 0, 0, 0, 0, 0, 0, 0, 0, 0, 0, 0, 0 ],
  "smoothsum" : [ 9.951667785644531, 9.946076393127441, 9.946333885192871, 9.959827423095703, 9.970101356506348, 9.986080169677734, 10.005450248718262, 10.021062850952148, 10.059490203857422, 10.068788528442383, 10.077874183654785, 10.107934951782227, 10.11548900604248, 10.101570129394531, 10.107094764709473, 10.069421768188477, 10.014983177185059, 9.944292068481445, 9.861515045166016, 9.756125450134277, 9.648098945617676, 9.502724647521973, 9.357646942138672, 9.219578742980957, 9.07093334197998, 8.917864799499512, 8.803010940551758, 8.680403709411621, 8.520598411560059, 8.369239807128906, 8.243654251098633, 8.150125503540039, 7.9877753257751465, 7.814078330993652, 7.667057514190674, 7.427077770233154, 7.139336585998535, 6.8640594482421875, 6.474244117736816, 6.028227806091309, 5.546564102172852, 4.9800896644592285, 4.303003787994385, 3.567166566848755, 2.738943338394165, 1.813866376876831, 0.8128659129142761, -0.26185572147369385, -1.4062551259994507, -2.6120264530181885, -3.850720167160034, -5.079742431640625, -6.343339443206787, -7.576099872589111, -8.753716468811035, -9.880556106567383, -10.951354026794434, -11.928854942321777, -12.821806907653809, -13.567695617675781, -14.181458473205566, -14.711252212524414, -15.182364463806152, -15.469672203063965, -15.679765701293945, -15.884588241577148, -15.947159767150879, -15.987215995788574, -16.043458938598633, -16.02342414855957, -15.987236976623535, -15.983305931091309, -15.973514556884766, -15.945164680480957, -15.953849792480469, -15.960558891296387, -15.983377456665039, -16.000276565551758, -16.016407012939453, -16.04901885986328, -16.062299728393555, -16.0672664642334, -16.104055404663086, -16.111228942871094, -16.115337371826172, -16.13252830505371, -16.150245666503906, -16.144989013671875, -16.168310165405273, -16.183876037597656, -16.201143264770508, -16.240129470825195, -16.269140243530273, -16.2934627532959, -16.339967727661133, -16.36568832397461, -16.374162673950195, -16.383859634399414, -16.32126235961914, -16.219350814819336, -16.034103393554688, -15.788522720336914, -15.408271789550781, -14.902609825134277, -14.284814834594727, -13.510316848754883, -12.565361976623535, -11.522294044494629, -10.333963394165039, -9.006081581115723, -7.568296909332275, -6.064689636230469, -4.512226104736328, -2.9370291233062744, -1.3891270160675049, 0.11306950449943542, 1.5501832962036133, 2.900716781616211, 4.107817649841309, 5.190096855163574, 6.140983581542969, 6.9348883628845215, 7.593511581420898, 8.134856224060059, 8.551040649414062, 8.822470664978027, 9.036516189575195, 9.164405822753906, 9.220685005187988, 9.240960121154785, 9.23746395111084, 9.188088417053223, 9.115081787109375, 9.020268440246582, 8.893659591674805, 8.729317665100098, 8.494964599609375, 8.216479301452637, 7.926258087158203, 7.58222770690918, 7.121224880218506, 6.551601409912109, 5.894399642944336, 5.130988597869873, 4.277190208435059, 3.327150344848633, 2.2922732830047607, 1.1662412881851196, -0.04621699079871178, -1.2938270568847656, -2.59759521484375, -3.9249348640441895, -5.2168731689453125, -6.4972758293151855, -7.766982078552246, -8.969265937805176, -10.036225318908691, -11.063692092895508, -11.98292064666748, -12.761894226074219, -13.455474853515625, -14.05315113067627, -14.536812782287598, -14.934710502624512, -15.249835014343262, -15.488289833068848, -15.67016887664795, -15.77611255645752, -15.855030059814453, -15.910833358764648, -15.954548835754395, -15.994452476501465, -16.006694793701172, -16.00320053100586, -15.991069793701172, -15.99839973449707, -16.003009796142578, -16.00063133239746, -15.996121406555176, -15.997781753540039, -15.99573802947998, -15.97084903717041, -15.941889762878418, -15.940425872802734, -15.933847427368164, -15.901824951171875, -15.8693265914917, -15.852418899536133, -15.82731819152832, -15.797304153442383, -15.799349784851074, -15.782073974609375, -15.776302337646484, -15.782212257385254, -15.784668922424316, -15.805006980895996, -15.840187072753906, -15.875486373901367, -15.907780647277832, -15.931731224060059, -15.955317497253418, -15.960860252380371, -15.902368545532227, -15.802542686462402, -15.644753456115723, -15.40185832977295, -15.037887573242188, -14.544157028198242, -13.91890811920166, -13.152099609375, -12.218390464782715, -11.126606941223145, -9.926671981811523, -8.577383041381836, -7.112462997436523, -5.548774242401123, -3.946157455444336, -2.3252949714660645, -0.699688196182251, 0.8677547574043274, 2.3500168323516846, 3.7531003952026367, 5.029158592224121, 6.135651111602783, 7.126919746398926, 7.958410263061523, 8.629868507385254, 9.166257858276367, 9.562204360961914, 9.85761833190918, 10.058565139770508, 10.16378402709961, 10.19226360321045, 10.185306549072266, 10.160432815551758, 10.086844444274902, 9.97717571258545, 9.83054256439209, 9.650312423706055, 9.420174598693848, 9.103507041931152, 8.713521003723145, 8.215936660766602, 7.662775039672852, 6.968519687652588, 6.145390510559082, 5.185112476348877, 4.097412109375, 2.9032540321350098, 1.5873520374298096, 0.18859820067882538, -1.271114468574524, -2.7843832969665527, -4.313050746917725, -5.780869483947754, -7.232294082641602, -8.615249633789062, -9.889808654785156, -11.03721809387207, -12.059988021850586, -12.954691886901855, -13.711204528808594, -14.296693801879883, -14.75499153137207, -15.101408958435059, -15.364109992980957, -15.529256820678711, -15.615325927734375, -15.674605369567871, -15.689560890197754, -15.697027206420898, -15.691399574279785, -15.687005043029785, -15.660134315490723, -15.656888008117676, -15.638855934143066, -15.650101661682129, -15.643810272216797, -15.602045059204102, -15.56860637664795, -15.539543151855469, -15.489336013793945, -15.409289360046387, -15.302878379821777, -15.160924911499023, -14.983787536621094, -14.727548599243164, -14.393878936767578, -13.979100227355957, -13.511191368103027, -12.901603698730469, -12.145605087280273, -11.281102180480957, -10.301944732666016, -9.174662590026855, -7.93229866027832, -6.592139720916748, -5.1672797203063965, -3.701415538787842, -2.1951167583465576, -0.7117030024528503, 0.754619836807251, 2.1796486377716064, 3.483374834060669, 4.660711288452148, 5.702317714691162, 6.588005065917969, 7.331114768981934, 7.906167507171631, 8.32002067565918, 8.569295883178711, 8.691442489624023, 8.72359848022461, 8.674056053161621, 8.560517311096191, 8.404654502868652, 8.23299503326416, 8.038360595703125, 7.847988605499268, 7.6798553466796875, 7.569204330444336, 7.48496675491333, 7.418929576873779, 7.406600475311279, 7.438762664794922, 7.50113582611084, 7.592547416687012, 7.710160255432129, 7.8419575691223145, 8.005109786987305, 8.177953720092773, 8.358110427856445, 8.524160385131836, 8.674127578735352, 8.848078727722168, 9.012537956237793, 9.162766456604004, 9.292010307312012, 9.419694900512695, 9.532692909240723, 9.613027572631836, 9.703766822814941, 9.793465614318848, 9.859923362731934, 9.911314010620117, 9.961252212524414, 10.002296447753906, 10.03759765625, 10.068666458129883, 10.096603393554688, 10.12012004852295, 10.140178680419922, 10.158835411071777, 10.175827026367188, 10.191853523254395, 10.206774711608887, 10.220768928527832, 10.232253074645996, 10.245055198669434, 10.257451057434082, 10.26797866821289 ],