{
  "cnttask" : [ 6.574686527252197, 4.893963813781738, 5.2436065673828125, 7.758179664611816, 0, 0, 0, 0, 0, 0, 0, 0, 0, 0, 0, 0, 0, 0, 0, 0, 0, 0, 0, 0, 0, 0, 0, 0, 0, 0, 0, 0, 0, 0, 0, 0, 0, 0, 0, 0, 0, 0, 0, 0, 0, 0, 0, 0, 0, 0, 0, 0, 0, 0, 0, 0, 0, 0, 0, 0, 0, 0, 0, 0, 0, 0, 0, 0, 0, 0, 0, 0, 0, 0, 0, 0, 0, 0, 0, 0, 0, 0, 0, 0, 0, 0, 0, 0, 0, 0, 0, 0, 0, 0, 0, 0, 0, 0, 0, 0, 0, 0, 0, 0, 0, 0, 0, 0, 0, 0, 0, 0, 0, 0, 0, 0, 0, 0, 0, 0, 0, 0, 0, 0, 0, 0, 0, 0, 0, 0, 0, 0, 0, 0, 0, 0, 0, 0, 0, 0, 0, 0, 0, 0, 0, 0, 0, 0, 0, 0, 0, 0, 0, 0, 0, 0, 0, 0, 0, 0, 0, 0, 0, 0, 0, 0, 0, 0, 0, 0 ],
  "smoothsum" : [ -3.8487439155578613, -3.7982633113861084, -3.74165940284729, -3.6726560592651367, -3.5983831882476807, -3.517754316329956, -3.4283182621002197, -3.3337204456329346, -3.233975410461426, -3.1325390338897705, -3.0296847820281982, -2.925042152404785, -2.820528268814087, -2.719179153442383, -2.622645854949951, -2.534961223602295, -2.4475715160369873, -2.3720948696136475, -2.302060842514038, -2.252271890640259, -2.2021305561065674, -2.1599504947662354, -2.1256799697875977, -2.0952751636505127, -2.065270185470581, -2.039517879486084, -2.003652811050415, -1.9413985013961792, -1.8809926509857178, -1.8074785470962524, -1.6913748979568481, -1.5639846324920654, -1.4001505374908447, -1.1913042068481445, -0.9633239507675171, -0.6807937026023865, -0.37140554189682007, -0.02711431123316288, 0.36742326617240906, 0.7556130886077881, 1.1857727766036987, 1.6125836372375488, 2.0472750663757324, 2.486980676651001, 2.898900270462036, 3.3192288875579834, 3.703310251235962, 4.063379764556885, 4.3773393630981445, 4.6728034019470215, 4.918108940124512, 5.144259929656982, 5.32049036026001, 5.478248119354248, 5.61081600189209, 5.7108869552612305, 5.809147834777832, 5.886471748352051, 5.935241222381592, 5.986363410949707, 6.040340423583984, 6.069781303405762, 6.107098579406738, 6.143065452575684, 6.171274185180664, 6.216058254241943, 6.247861862182617, 6.290780544281006, 6.331483840942383, 6.3485107421875, 6.39432954788208, 6.415971279144287, 6.450850009918213, 6.482573986053467, 6.502285480499268, 6.5392231941223145, 6.54564094543457, 6.558979034423828, 6.563222885131836, 6.574686527252197, 6.561273574829102, 6.555539131164551, 6.52007532119751, 6.48746395111084, 6.427762985229492, 6.342665672302246, 6.253880500793457, 6.125545024871826, 5.969391345977783, 5.777060508728027, 5.557026386260986, 5.308266639709473, 5.027706623077393, 4.716799736022949, 4.379648208618164, 4.024982929229736, 3.6593210697174072, 3.283902406692505, 2.9083614349365234, 2.538165807723999, 2.179845094680786, 1.8374335765838623, 1.5129114389419556, 1.213342308998108, 0.9416120052337646, 0.6961326599121094, 0.4727378189563751, 0.27692729234695435, 0.10574928671121597, -0.04765982925891876, -0.18712647259235382, -0.31681230664253235, -0.43110740184783936, -0.5398660898208618, -0.6443939805030823, -0.739726722240448, -0.8280953168869019, -0.9205637574195862, -1.009973168373108, -1.0925699472427368, -1.1589646339416504, -1.2238460779190063, -1.2808681726455688, -1.3218834400177002, -1.33254075050354, -1.3209154605865479, -1.3004090785980225, -1.2445231676101685, -1.1751172542572021, -1.0603361129760742, -0.9042604565620422, -0.7346393465995789, -0.5393117666244507, -0.3052336275577545, -0.06085522100329399, 0.19890804588794708, 0.47107255458831787, 0.7401492595672607, 1.0223195552825928, 1.3155399560928345, 1.5707579851150513, 1.8342602252960205, 2.0781095027923584, 2.300309181213379, 2.5298142433166504, 2.7252113819122314, 2.922097682952881, 3.0867807865142822, 3.2608721256256104, 3.424018144607544, 3.5745387077331543, 3.727808952331543, 3.865644693374634, 4.019343376159668, 4.149951457977295, 4.273800373077393, 4.373589992523193, 4.501255989074707, 4.565439224243164, 4.671238899230957, 4.733328342437744, 4.774399757385254, 4.81449031829834, 4.8457770347595215, 4.855663299560547, 4.863893985748291, 4.866052627563477, 4.867210388183594, 4.884401321411133, 4.893963813781738, 4.890377521514893, 4.920865058898926, 4.936708927154541, 4.970819473266602, 5.0205864906311035, 5.051243305206299, 5.103224277496338, 5.140107154846191, 5.193698406219482, 5.218965530395508, 5.236738204956055, 5.2436065673828125, 5.216346263885498, 5.150598526000977, 5.040730953216553, 4.90715217590332, 4.713231563568115, 4.475599765777588, 4.1518144607543945, 3.8114171028137207, 3.383147716522217, 2.9236185550689697, 2.4161171913146973, 1.8741519451141357, 1.3115037679672241, 0.7413197159767151, 0.17852813005447388, -0.3681100904941559, -0.8875232934951782, -1.377407193183899, -1.8244072198867798, -2.219236135482788, -2.5567824840545654, -2.8322641849517822, -3.0558621883392334, -3.224360466003418, -3.342374324798584, -3.4172556400299072, -3.457763433456421, -3.4736382961273193, -3.4701883792877197, -3.4568495750427246, -3.4335825443267822, -3.4103779792785645, -3.3574278354644775, -3.3050382137298584, -3.2607529163360596, -3.2168705463409424, -3.1707446575164795, -3.1074140071868896, -3.0350468158721924, -2.9503324031829834, -2.8585338592529297, -2.7485949993133545, -2.630950927734375, -2.509946823120117, -2.3614518642425537, -2.2076869010925293, -2.0532732009887695, -1.874001383781433, -1.696645736694336, -1.49862539768219, -1.2648227214813232, -1.035394549369812, -0.7986047267913818, -0.5230262279510498, -0.23228128254413605, 0.0766897052526474, 0.4285721182823181, 0.7850142121315002, 1.171207308769226, 1.6009044647216797, 2.03157901763916, 2.4757864475250244, 2.9280478954315186, 3.382063150405884, 3.822723388671875, 4.260472297668457, 4.687196731567383, 5.099695205688477, 5.481583118438721, 5.83671236038208, 6.154446601867676, 6.439376354217529, 6.682625770568848, 6.900320053100586, 7.097111225128174, 7.249683856964111, 7.380260944366455, 7.498557090759277, 7.580766201019287, 7.663224220275879, 7.725992202758789, 7.738654613494873, 7.750723838806152, 7.758179664611816, 7.699956893920898, 7.618189334869385, 7.501628875732422, 7.322157859802246, 7.119438648223877, 6.849499225616455, 6.491195201873779, 6.092537879943848, 5.616609573364258, 5.070459365844727, 4.4784135818481445, 3.8424763679504395, 3.1506757736206055, 2.438894271850586, 1.7155286073684692, 0.9633966684341431, 0.22040089964866638, -0.46133893728256226, -1.1284284591674805, -1.7589186429977417, -2.3147776126861572, -2.8199856281280518, -3.242257595062256, -3.5824224948883057, -3.864844799041748, -4.071231842041016, -4.199563026428223, -4.2751784324646, -4.292555809020996, -4.270440578460693, -4.227985382080078, -4.14317512512207, -4.042452812194824, -3.9288206100463867, -3.8105530738830566, -3.7030937671661377, -3.5978922843933105, -3.4987924098968506, -3.430100679397583, -3.368453025817871, -3.3138387203216553, -3.289241313934326, -3.29133939743042, -3.2972071170806885, -3.333740234375, -3.3925514221191406, -3.4425101280212402, -3.5015876293182373, -3.6092464923858643, -3.7093262672424316, -3.8033905029296875, -3.9180078506469727, -4.021836280822754, -4.136857509613037, -4.25722074508667, -4.359903812408447, -4.457417011260986, -4.554358005523682, -4.641360759735107, -4.722814559936523, -4.792271614074707, -4.850958824157715, -4.898308753967285, -4.938815116882324, -4.9707841873168945, -4.996560096740723, -5.018183708190918, -5.03529167175293, -5.051969528198242, -5.061601161956787, -5.070369243621826, -5.079739570617676, -5.0889434814453125, -5.097580909729004, -5.108216762542725 ],