{
  "cnttask" : [ 6.225740432739258, 7.887814521789551, 7.187707424163818, 6.785208225250244, 6.748026371002197, 6.394556045532227, 0, 0, 0, 0, 0, 0, 0, 0, 0, 0, 0, 0, 0, 0, 0, 0, 0, 0, 0, 0, 0, 0, 0, 0, 0, 0, 0, 0, 0, 0, 0, 0, 0, 0, 0, 0, 0, 0, 0, 0, 0, 0, 0, 0, 0, 0, 0, 0, 0, 0, 0, 0, 0, 0, 0, 0, 0, 0, 0, 0, 0, 0, 0, 0, 0, 0, 0, 0, 0, 0, 0, 0, 0, 0, 0, 0, 0, 0, 0, 0, 0, 0, 0, 0, 0, 0, 0, 0, 0, 0, 0, 0, 0, 0, 0, 0, 0, 0, 0, 0, 0, 0, 0, 0, 0, 0, 0, 0, 0, 0, 0, 0, 0, 0, 0, 0, 0, 0, 0, 0, 0, 0, 0, 0, 0, 0, 0, 0, 0, 0, 0, 0, 0, 0, 0, 0, 0, 0, 0, 0, 0, 0, 0, 0, 0, 0, 0, 0, 0, 0, 0, 0, 0, 0, 0, 0, 0, 0, 0, 0, 0, 0, 0, 0 ],
  "smoothsum" : [ -3.8272931575775146, -3.8094375133514404, -3.79843807220459, -3.7907886505126953, -3.7865889072418213, -3.7853333950042725, -3.759284496307373, -3.7407925128936768, -3.7196202278137207, -3.6919803619384766, -3.6492552757263184, -3.5906741619110107, -3.5106894969940186, -3.4063141345977783, -3.275209426879883, -3.1157209873199463, -2.918530225753784, -2.691267490386963, -2.445444345474243, -2.1762003898620605, -1.8838226795196533, -1.5671740770339966, -1.2254831790924072, -0.8873524069786072, -0.5384830832481384, -0.1703515201807022, 0.1834571659564972, 0.5316949486732483, 0.8906288743019104, 1.241476058959961, 1.5825234651565552, 1.9265496730804443, 2.2546167373657227, 2.57917857170105, 2.909691572189331, 3.23063325881958, 3.550285577774048, 3.8555188179016113, 4.154134750366211, 4.426650524139404, 4.704746723175049, 4.966914653778076, 5.179523944854736, 5.399447441101074, 5.608517169952393, 5.75743293762207, 5.898978233337402, 6.0015339851379395, 6.088181018829346, 6.145598411560059, 6.189055442810059, 6.218486785888672, 6.225740432739258, 6.207635879516602, 6.193400859832764, 6.173031330108643, 6.133460521697998, 6.1078033447265625, 6.096257209777832, 6.074895858764648, 6.065219879150391, 6.074297904968262, 6.086987495422363, 6.126417636871338, 6.183769226074219, 6.249542713165283, 6.33926248550415, 6.4448699951171875, 6.54994535446167, 6.665787220001221, 6.804856777191162, 6.931661128997803, 7.054470539093018, 7.208378314971924, 7.331174373626709, 7.429974555969238, 7.553694248199463, 7.652401447296143, 7.7469096183776855, 7.807710647583008, 7.860008239746094, 7.887814521789551, 7.887705326080322, 7.860294818878174, 7.797537803649902, 7.693126201629639, 7.532665252685547, 7.321571350097656, 7.051083087921143, 6.715019226074219, 6.307488918304443, 5.8327956199646, 5.291484355926514, 4.686464786529541, 4.022609233856201, 3.309385061264038, 2.5607857704162598, 1.7887974977493286, 1.0055642127990723, 0.2316485494375229, -0.5142010450363159, -1.2218272686004639, -1.876393437385559, -2.46315598487854, -2.973578691482544, -3.4023876190185547, -3.742567777633667, -4.004266738891602, -4.1938395500183105, -4.304111003875732, -4.339188098907471, -4.328568458557129, -4.274625778198242, -4.183171272277832, -4.075675010681152, -3.9598255157470703, -3.8415539264678955, -3.71929931640625, -3.611132860183716, -3.517359495162964, -3.444477081298828, -3.382523775100708, -3.3359458446502686, -3.303854465484619, -3.287722110748291, -3.280334711074829, -3.275078535079956, -3.2731800079345703, -3.269334077835083, -3.263463258743286, -3.256131649017334, -3.24540114402771, -3.2268502712249756, -3.1978557109832764, -3.1599154472351074, -3.112340211868286, -3.0543875694274902, -2.9893739223480225, -2.911299705505371, -2.8187930583953857, -2.717625141143799, -2.610694169998169, -2.4808878898620605, -2.329172134399414, -2.167537212371826, -1.9930187463760376, -1.784379005432129, -1.549710988998413, -1.3107366561889648, -1.0373486280441284, -0.7255176901817322, -0.3944929242134094, -0.04441279172897339, 0.3460972309112549, 0.7568007111549377, 1.1873247623443604, 1.65021550655365, 2.109283447265625, 2.576211452484131, 3.059469223022461, 3.538357973098755, 3.998342275619507, 4.4492926597595215, 4.866968631744385, 5.256499767303467, 5.625687122344971, 5.947409152984619, 6.232442855834961, 6.4640045166015625, 6.680262088775635, 6.8518476486206055, 6.9641947746276855, 7.062800407409668, 7.133769512176514, 7.160684585571289, 7.183213233947754, 7.187707424163818, 7.1590256690979, 7.124513149261475, 7.095324993133545, 7.051844120025635, 6.990474224090576, 6.936899662017822, 6.893447399139404, 6.836400032043457, 6.788032054901123, 6.748682975769043, 6.69935941696167, 6.6719279289245605, 6.654992580413818, 6.63022518157959, 6.617312431335449, 6.622365474700928, 6.625521659851074, 6.650713920593262, 6.68248987197876, 6.702862739562988, 6.731142997741699, 6.755493640899658, 6.785208225250244, 6.778217315673828, 6.745267391204834, 6.697497367858887, 6.591226577758789, 6.43903112411499, 6.237536430358887, 5.958060264587402, 5.614437103271484, 5.201407432556152, 4.6988372802734375, 4.127599716186523, 3.4943881034851074, 2.803762674331665, 2.0661754608154297, 1.2937921285629272, 0.5046374201774597, -0.2872762084007263, -1.0591506958007812, -1.7967078685760498, -2.48420786857605, -3.1117501258850098, -3.6656687259674072, -4.14161491394043, -4.531160354614258, -4.832739353179932, -5.052087306976318, -5.192689418792725, -5.261298179626465, -5.265234470367432, -5.2199883460998535, -5.136785984039307, -5.028789520263672, -4.897800445556641, -4.7498955726623535, -4.5936431884765625, -4.440901279449463, -4.281748294830322, -4.129295349121094, -3.983203172683716, -3.8500778675079346, -3.7111451625823975, -3.579150915145874, -3.452878475189209, -3.328416109085083, -3.1641650199890137, -3.0125861167907715, -2.845803737640381, -2.66229248046875, -2.459169864654541, -2.222346782684326, -1.9560567140579224, -1.6480368375778198, -1.292953372001648, -0.898769736289978, -0.4680701792240143, 0.005746586248278618, 0.515887975692749, 1.0338727235794067, 1.585681438446045, 2.1496288776397705, 2.698561668395996, 3.2546284198760986, 3.785485029220581, 4.283934593200684, 4.754607677459717, 5.164101600646973, 5.5400261878967285, 5.848843097686768, 6.111693859100342, 6.321206569671631, 6.474653720855713, 6.588362216949463, 6.663905620574951, 6.710777282714844, 6.748026371002197, 6.715902328491211, 6.6935858726501465, 6.657507419586182, 6.612396240234375, 6.562063694000244, 6.5064239501953125, 6.456924915313721, 6.409450054168701, 6.356990814208984, 6.313727855682373, 6.27971076965332, 6.24851131439209, 6.221105575561523, 6.220780849456787, 6.216087341308594, 6.217259407043457, 6.242620468139648, 6.258548259735107, 6.286357879638672, 6.320358753204346, 6.3442606925964355, 6.3806538581848145, 6.389004230499268, 6.394556045532227, 6.372097015380859, 6.303683757781982, 6.223340034484863, 6.082891464233398, 5.889641761779785, 5.644905090332031, 5.327999591827393, 4.955223083496094, 4.504999160766602, 3.985057830810547, 3.40336275100708, 2.768127202987671, 2.084941864013672, 1.3666346073150635, 0.6247340440750122, -0.12304455786943436, -0.8641799092292786, -1.581035852432251, -2.2640252113342285, -2.897918224334717, -3.472015142440796, -3.975771188735962, -4.411498069763184, -4.773097515106201, -5.059275150299072, -5.275562763214111, -5.428367614746094, -5.526287078857422, -5.577463150024414, -5.58882999420166, -5.573853492736816, -5.546351909637451, -5.4944987297058105, -5.4464592933654785, -5.391229629516602, -5.331103324890137, -5.278757095336914, -5.232874870300293, -5.193615436553955, -5.158769607543945, -5.126314640045166, -5.0984063148498535 ],