{
  "cnttask" : [ 8.84584903717041, 6.491673946380615, 1.5726864337921143, 4.741877555847168, 0.2302069365978241, 0, 0, 0, 0, 0, 0, 0, 0, 0, 0, 0, 0, 0, 0, 0, 0, 0, 0, 0, 0, 0, 0, 0, 0, 0, 0, 0, 0, 0, 0, 0, 0, 0, 0, 0, 0, 0, 0, 0, 0, 0, 0, 0, 0, 0, 0, 0, 0, 0, 0, 0, 0, 0, 0, 0, 0, 0, 0, 0, 0, 0, 0, 0, 0, 0, 0, 0, 0, 0, 0, 0, 0, 0, 0, 0, 0, 0, 0, 0, 0, 0, 0, 0, 0, 0, 0, 0, 0, 0, 0, 0, 0, 0, 0, 0, 0, 0, 0, 0, 0, 0, 0, 0, 0, 0, 0, 0, 0, 0, 0, 0, 0, 0, 0, 0, 0, 0, 0, 0, 0, 0, 0, 0, 0, 0, 0, 0, 0, 0, 0, 0, 0, 0, 0, 0, 0, 0, 0, 0, 0, 0, 0, 0, 0, 0 ],
  "smoothsum" : [ -3.239044427871704, -3.2422869205474854, -3.2324204444885254, -3.2222816944122314, -3.2070960998535156, -3.186554431915283, -3.154581308364868, -3.1102702617645264, -3.051072120666504, -2.969538450241089, -2.8564505577087402, -2.720167636871338, -2.555525779724121, -2.3575265407562256, -2.1348745822906494, -1.8827219009399414, -1.579762578010559, -1.2496384382247925, -0.9013702273368835, -0.5154577493667603, -0.1290561407804489, 0.27132144570350647, 0.6929316520690918, 1.1032788753509521, 1.5241625308990479, 1.9512877464294434, 2.3666982650756836, 2.7709527015686035, 3.15683913230896, 3.5473570823669434, 3.9322075843811035, 4.283563137054443, 4.653934001922607, 5.008646488189697, 5.344571113586426, 5.680729866027832, 5.996013164520264, 6.31498908996582, 6.626072406768799, 6.91483736038208, 7.204416751861572, 7.454438209533691, 7.699220180511475, 7.9262375831604, 8.12939739227295, 8.317534446716309, 8.481724739074707, 8.60621166229248, 8.707557678222656, 8.785635948181152, 8.822185516357422, 8.84584903717041, 8.843693733215332, 8.809219360351562, 8.771685600280762, 8.706388473510742, 8.605155944824219, 8.487955093383789, 8.353828430175781, 8.206971168518066, 8.00684928894043, 7.780004501342773, 7.531906604766846, 7.216335296630859, 6.8464250564575195, 6.423107624053955, 5.923693656921387, 5.3687944412231445, 4.728157997131348, 4.011442184448242, 3.2445695400238037, 2.4006311893463135, 1.5214433670043945, 0.5953051447868347, -0.35345280170440674, -1.3094708919525146, -2.257767915725708, -3.176154136657715, -4.053491115570068, -4.874605178833008, -5.6159210205078125, -6.282191276550293, -6.870758533477783, -7.357822418212891, -7.751782417297363, -8.058913230895996, -8.281046867370605, -8.421956062316895, -8.490498542785645, -8.499103546142578, -8.455153465270996, -8.35615348815918, -8.226202011108398, -8.063482284545898, -7.874428749084473, -7.6647162437438965, -7.435846328735352, -7.190064430236816, -6.944444179534912, -6.694554328918457, -6.436701774597168, -6.181363582611084, -5.9227423667907715, -5.665528297424316, -5.414431095123291, -5.169491767883301, -4.93217658996582, -4.703843593597412, -4.490105628967285, -4.288577556610107, -4.102433204650879, -3.943793773651123, -3.799668550491333, -3.662170886993408, -3.5514352321624756, -3.4616899490356445, -3.3858649730682373, -3.328646183013916, -3.283686637878418, -3.2534632682800293, -3.2350072860717773, -3.2263076305389404, -3.220323324203491, -3.217219829559326, -3.216372013092041, -3.2139692306518555, -3.2025818824768066, -3.1909804344177246, -3.176051378250122, -3.1348958015441895, -3.075880765914917, -3.011225461959839, -2.9199962615966797, -2.8033366203308105, -2.6760637760162354, -2.5117242336273193, -2.326676368713379, -2.1204915046691895, -1.868391513824463, -1.590201497077942, -1.300205111503601, -0.9629452228546143, -0.6037127375602722, -0.22150301933288574, 0.19679300487041473, 0.6140750646591187, 1.089351773262024, 1.5322495698928833, 2.002441167831421, 2.475945234298706, 2.923461675643921, 3.3802459239959717, 3.813652992248535, 4.223165512084961, 4.6096696853637695, 4.944039821624756, 5.269204139709473, 5.535486698150635, 5.778775691986084, 5.986834526062012, 6.1524858474731445, 6.283032417297363, 6.393669128417969, 6.470919132232666, 6.486181735992432, 6.491673946380615, 6.456798076629639, 6.395652770996094, 6.305633544921875, 6.153598785400391, 5.960291385650635, 5.735534191131592, 5.444088459014893, 5.1069817543029785, 4.723768711090088, 4.282516002655029, 3.820979118347168, 3.2797796726226807, 2.7522246837615967, 2.184434175491333, 1.5993900299072266, 1.0376569032669067, 0.4679183065891266, -0.0722576379776001, -0.581908643245697, -1.051450252532959, -1.4446982145309448, -1.798484444618225, -2.068384885787964, -2.2746050357818604, -2.4062368869781494, -2.466670513153076, -2.459982395172119, -2.3909623622894287, -2.2748498916625977, -2.0861072540283203, -1.8617603778839111, -1.6015074253082275, -1.3182810544967651, -1.0178616046905518, -0.7000081539154053, -0.378035306930542, -0.06361307948827744, 0.23309747874736786, 0.5118504762649536, 0.7666988372802734, 0.9961196780204773, 1.1924712657928467, 1.349644660949707, 1.466488003730774, 1.5399209260940552, 1.5726864337921143, 1.5616872310638428, 1.506801724433899, 1.4126191139221191, 1.2848575115203857, 1.1247836351394653, 0.9350237846374512, 0.7311444282531738, 0.5135195851325989, 0.2825445830821991, 0.051929425448179245, -0.16783516108989716, -0.3521036207675934, -0.5308870077133179, -0.664413571357727, -0.7705761790275574, -0.8138691782951355, -0.811525285243988, -0.7561787962913513, -0.638037383556366, -0.483151912689209, -0.2760414779186249, -0.024811195209622383, 0.2699224054813385, 0.6053823828697205, 0.9534464478492737, 1.3216396570205688, 1.6907309293746948, 2.058241367340088, 2.4171741008758545, 2.7582242488861084, 3.077834367752075, 3.372241497039795, 3.640557289123535, 3.8774285316467285, 4.081905841827393, 4.254046440124512, 4.401301383972168, 4.51274299621582, 4.59578800201416, 4.664001941680908, 4.712742805480957, 4.741877555847168, 4.716161727905273, 4.694289684295654, 4.633661270141602, 4.5587639808654785, 4.434682846069336, 4.2825236320495605, 4.0924272537231445, 3.8524036407470703, 3.588106870651245, 3.279402017593384, 2.9376113414764404, 2.570309638977051, 2.1730949878692627, 1.7760472297668457, 1.3601089715957642, 0.9528130888938904, 0.5624790787696838, 0.19894646108150482, -0.1259392499923706, -0.4075339436531067, -0.6416054368019104, -0.8244237303733826, -0.9557706117630005, -1.0341181755065918, -1.059881329536438, -1.0428799390792847, -0.9862489104270935, -0.894141674041748, -0.7786808013916016, -0.6509454846382141, -0.5212658047676086, -0.3781804144382477, -0.251624196767807, -0.13405627012252808, -0.032384831458330154, 0.053691282868385315, 0.11841151118278503, 0.16735541820526123, 0.2026814967393875, 0.22146260738372803, 0.229391947388649, 0.2302069365978241, 0.22006051242351532, 0.20022766292095184, 0.17026565968990326, 0.14174355566501617, 0.11389853805303574 ],