{
  "cnttask" : [ 5.571614742279053, 6.844448566436768, 5.591058731079102, 4.388906478881836, 0, 0, 0, 0, 0, 0, 0, 0, 0, 0, 0, 0, 0, 0, 0, 0, 0, 0, 0, 0, 0, 0, 0, 0, 0, 0, 0, 0, 0, 0, 0, 0, 0, 0, 0, 0, 0, 0, 0, 0, 0, 0, 0, 0, 0, 0, 0, 0, 0, 0, 0, 0, 0, 0, 0, 0, 0, 0, 0, 0, 0, 0, 0, 0, 0, 0, 0, 0, 0, 0, 0, 0, 0, 0, 0, 0, 0, 0, 0, 0, 0, 0, 0, 0, 0, 0, 0, 0, 0, 0, 0, 0, 0, 0, 0, 0, 0, 0, 0, 0, 0, 0, 0, 0, 0, 0, 0, 0, 0, 0, 0, 0, 0, 0, 0, 0, 0, 0, 0, 0, 0, 0, 0, 0, 0, 0, 0, 0, 0, 0, 0, 0, 0, 0, 0, 0, 0, 0, 0, 0, 0, 0, 0, 0, 0, 0, 0, 0, 0, 0, 0, 0, 0, 0, 0, 0, 0, 0, 0, 0, 0, 0, 0, 0, 0, 0, 0, 0, 0, 0, 0, 0, 0, 0, 0, 0 ],
  "smoothsum" : [ -3.5552256107330322, -3.117767095565796, -2.6307051181793213, -2.1101009845733643, -1.5842093229293823, -1.0017579793930054, -0.401200532913208, 0.20579707622528076, 0.8162732124328613, 1.4382193088531494, 2.031442403793335, 2.636103630065918, 3.1877737045288086, 3.703871965408325, 4.158013343811035, 4.5240631103515625, 4.871170997619629, 5.132195472717285, 5.327564239501953, 5.450579643249512, 5.529993534088135, 5.557934761047363, 5.564101696014404, 5.565797805786133, 5.571614742279053, 5.531099796295166, 5.511999607086182, 5.525142669677734, 5.535831928253174, 5.5776519775390625, 5.6382527351379395, 5.697696685791016, 5.7777018547058105, 5.857875347137451, 5.9440131187438965, 6.053922176361084, 6.141140460968018, 6.22422981262207, 6.310051441192627, 6.395280838012695, 6.465973377227783, 6.551029682159424, 6.60223388671875, 6.668059825897217, 6.721441745758057, 6.765866756439209, 6.815417289733887, 6.833247184753418, 6.843848705291748, 6.844448566436768, 6.825700283050537, 6.76397705078125, 6.675170421600342, 6.545637130737305, 6.3661322593688965, 6.131892204284668, 5.837269306182861, 5.499152660369873, 5.097744941711426, 4.622493743896484, 4.105885028839111, 3.5401954650878906, 2.924635648727417, 2.2813808917999268, 1.625646710395813, 0.9589574337005615, 0.29391881823539734, -0.35221099853515625, -0.9672542810440063, -1.5440467596054077, -2.0712594985961914, -2.5394339561462402, -2.9400644302368164, -3.2794299125671387, -3.552903175354004, -3.765148878097534, -3.916048765182495, -4.010599613189697, -4.051103591918945, -4.045001983642578, -4.0256547927856445, -3.981449842453003, -3.905933380126953, -3.8214023113250732, -3.7369420528411865, -3.6562697887420654, -3.570690870285034, -3.492460012435913, -3.436194896697998, -3.3894782066345215, -3.3340067863464355, -3.30186128616333, -3.2760488986968994, -3.246462106704712, -3.2181124687194824, -3.1946465969085693, -3.167647361755371, -3.1365902423858643, -3.096513032913208, -3.049995183944702, -3.007941722869873, -2.9456212520599365, -2.861980438232422, -2.7691357135772705, -2.6685631275177, -2.5580549240112305, -2.426860809326172, -2.2767012119293213, -2.108682155609131, -1.9238407611846924, -1.7199956178665161, -1.4863941669464111, -1.2338755130767822, -0.9869674444198608, -0.6984846591949463, -0.3930354416370392, -0.08299218863248825, 0.2448832094669342, 0.5766950845718384, 0.9215131402015686, 1.2777818441390991, 1.61781907081604, 1.9723643064498901, 2.3274660110473633, 2.6605122089385986, 2.995631217956543, 3.3034133911132812, 3.6070728302001953, 3.8830339908599854, 4.138707637786865, 4.384815216064453, 4.609952926635742, 4.82006311416626, 4.996636390686035, 5.130817413330078, 5.268980026245117, 5.378834247589111, 5.459177494049072, 5.526927947998047, 5.560493469238281, 5.581904411315918, 5.591058731079102, 5.571166038513184, 5.53463888168335, 5.508517742156982, 5.44895601272583, 5.379620552062988, 5.316430568695068, 5.243072986602783, 5.177601337432861, 5.1114301681518555, 5.046267509460449, 5.00161075592041, 4.946606636047363, 4.895347595214844, 4.866413593292236, 4.823292255401611, 4.769746780395508, 4.765663146972656, 4.7583770751953125, 4.72762393951416, 4.687481880187988, 4.66065788269043, 4.617695331573486, 4.562951564788818, 4.511378765106201, 4.435532569885254, 4.352970123291016, 4.259897232055664, 4.13951301574707, 4.015124797821045, 3.871976375579834, 3.70560359954834, 3.5312023162841797, 3.3488011360168457, 3.1479692459106445, 2.942587375640869, 2.7369790077209473, 2.5283567905426025, 2.3097691535949707, 2.087326765060425, 1.8753173351287842, 1.6648951768875122, 1.4597429037094116, 1.2629776000976562, 1.0650922060012817, 0.8780365586280823, 0.6984150409698486, 0.5485900640487671, 0.3481033444404602, 0.1652953177690506, 0.0025198794901371002, -0.18117940425872803, -0.37082210183143616, -0.5586055517196655, -0.7541841864585876, -0.9556578993797302, -1.166987657546997, -1.3749781847000122, -1.5904533863067627, -1.8054980039596558, -2.0137135982513428, -2.2170329093933105, -2.4123992919921875, -2.6001439094543457, -2.7759077548980713, -2.9456117153167725, -3.1019575595855713, -3.254234790802002, -3.3986289501190186, -3.52406644821167, -3.634531021118164, -3.7498199939727783, -3.8610525131225586, -3.9714293479919434, -4.075435638427734, -4.166704177856445, -4.264881610870361, -4.354069709777832, -4.425604343414307, -4.491016387939453, -4.547464847564697, -4.594178199768066, -4.61456823348999, -4.603847980499268, -4.574216365814209, -4.522424221038818, -4.425382137298584, -4.295294761657715, -4.156033992767334, -3.980613946914673, -3.7582592964172363, -3.526209831237793, -3.2670092582702637, -2.9685990810394287, -2.6610355377197266, -2.3587725162506104, -2.023629665374756, -1.6832480430603027, -1.356564998626709, -1.0173263549804688, -0.671700656414032, -0.3604336380958557, -0.021238047629594803, 0.3149372935295105, 0.6193510890007019, 0.9241262078285217, 1.1983363628387451, 1.4837127923965454, 1.755656123161316, 2.004526376724243, 2.252833843231201, 2.485414743423462, 2.7035419940948486, 2.9231393337249756, 3.1219356060028076, 3.2992615699768066, 3.480787754058838, 3.6412789821624756, 3.779325008392334, 3.9175219535827637, 4.045186996459961, 4.15177059173584, 4.246498107910156, 4.3230133056640625, 4.362288475036621, 4.388906478881836, 4.37871789932251, 4.333197593688965, 4.2490997314453125, 4.123861789703369, 3.951061725616455, 3.7312164306640625, 3.4822745323181152, 3.153430938720703, 2.7819454669952393, 2.397144317626953, 1.9618741273880005, 1.5291420221328735, 1.0670686960220337, 0.5863175392150879, 0.11912640184164047, -0.3328816592693329, -0.7611765265464783, -1.17048180103302, -1.544737696647644, -1.8723009824752808, -2.1536381244659424, -2.3943521976470947, -2.5894505977630615, -2.753899097442627, -2.886930227279663, -2.9777560234069824, -3.044382333755493, -3.0799479484558105, -3.0996031761169434, -3.1092491149902344, -3.1102635860443115, -3.0898704528808594, -3.0796091556549072, -3.069582223892212, -3.0364654064178467, -3.0103952884674072, -2.994260549545288, -2.9644618034362793, -2.9325966835021973, -2.9089293479919434, -2.890794038772583, -2.865776777267456, -2.8576605319976807, -2.8625924587249756, -2.861637830734253, -2.869011402130127, -2.8977370262145996, -2.9419586658477783, -2.9832093715667725, -3.037459373474121, -3.106015205383301, -3.1813881397247314, -3.269652843475342, -3.3750574588775635, -3.473531484603882, -3.564946413040161, -3.6665825843811035, -3.772559642791748, -3.8740170001983643, -3.9676425457000732, -4.056661605834961, -4.146905899047852, -4.224960803985596, -4.293275356292725, -4.356825828552246, -4.4178266525268555, -4.470070838928223, -4.516811847686768, -4.560564994812012, -4.598447799682617, -4.632586479187012, -4.661185264587402, -4.689119338989258, -4.713292598724365, -4.734896659851074, -4.754196643829346, -4.771839618682861, -4.789432525634766, -4.804547309875488, -4.816800117492676, -4.82964563369751, -4.841179370880127, -4.85113525390625, -4.861172199249268, -4.869684219360352, -4.878364562988281, -4.8855390548706055, -4.891857147216797, -4.897130012512207, -4.901051998138428, -4.905506134033203, -4.9085164070129395, -4.911089897155762, -4.913674354553223 ],