{
  "cnttask" : [ 5.8130202293396, 8.982114791870117, 6.062664985656738, 0, 0, 0, 0, 0, 0, 0, 0, 0, 0, 0, 0, 0, 0, 0, 0, 0, 0, 0, 0, 0, 0, 0, 0, 0, 0, 0, 0, 0, 0, 0, 0, 0, 0, 0, 0, 0, 0, 0, 0, 0, 0, 0, 0, 0, 0, 0, 0, 0, 0, 0, 0, 0, 0, 0, 0, 0, 0, 0, 0, 0, 0, 0, 0, 0, 0, 0, 0, 0, 0, 0, 0, 0, 0, 0, 0, 0, 0, 0, 0, 0, 0, 0, 0, 0, 0, 0, 0, 0, 0, 0, 0, 0, 0, 0, 0, 0, 0, 0, 0, 0, 0, 0, 0, 0, 0, 0, 0, 0, 0, 0, 0, 0, 0, 0, 0, 0, 0, 0, 0, 0, 0, 0, 0, 0, 0, 0, 0, 0, 0, 0, 0, 0, 0, 0, 0, 0, 0, 0, 0, 0, 0, 0, 0, 0, 0, 0, 0, 0, 0, 0, 0, 0, 0, 0, 0, 0, 0, 0, 0, 0, 0, 0, 0, 0, 0, 0 ],
  "smoothsum" : [ -5.747796535491943, -5.671126365661621, -5.58832311630249, -5.5002031326293945, -5.415743350982666, -5.326471328735352, -5.216662406921387, -5.105854034423828, -4.984771251678467, -4.853428363800049, -4.712601184844971, -4.553538799285889, -4.3791728019714355, -4.184542179107666, -3.9741861820220947, -3.7466537952423096, -3.472656011581421, -3.188758134841919, -2.881471633911133, -2.549501657485962, -2.2095744609832764, -1.834964394569397, -1.4351203441619873, -1.0290175676345825, -0.6103690266609192, -0.1875411570072174, 0.24267356097698212, 0.6677268743515015, 1.0910327434539795, 1.4958083629608154, 1.891872525215149, 2.2547004222869873, 2.6157524585723877, 2.935946464538574, 3.243687391281128, 3.5221776962280273, 3.7859013080596924, 4.017921447753906, 4.226612567901611, 4.431972980499268, 4.61930513381958, 4.802733421325684, 4.980635643005371, 5.157763481140137, 5.317316055297852, 5.464179039001465, 5.59152364730835, 5.702282905578613, 5.79111385345459, 5.8130202293396, 5.7801899909973145, 5.700595378875732, 5.534951686859131, 5.281151294708252, 4.944584846496582, 4.524332523345947, 4.017409801483154, 3.4103097915649414, 2.7687103748321533, 2.0698413848876953, 1.3332445621490479, 0.5837740898132324, -0.1567656248807907, -0.8956047892570496, -1.5761542320251465, -2.2171852588653564, -2.79126238822937, -3.2939507961273193, -3.722248077392578, -4.066094875335693, -4.3446245193481445, -4.549461841583252, -4.700141429901123, -4.8112945556640625, -4.894275665283203, -4.951284885406494, -4.991811752319336, -5.024159908294678, -5.072509288787842, -5.13600492477417, -5.188668251037598, -5.255577087402344, -5.341243267059326, -5.432316303253174, -5.523684501647949, -5.6241984367370605, -5.7403645515441895, -5.845828056335449, -5.920063495635986, -6.013996124267578, -6.102161884307861, -6.175221920013428, -6.250460624694824, -6.308607578277588, -6.3565192222595215, -6.400030612945557, -6.4431538581848145, -6.4655866622924805, -6.470981597900391, -6.465021133422852, -6.442772388458252, -6.3973612785339355, -6.317171573638916, -6.199243545532227, -6.023045539855957, -5.802709579467773, -5.525271415710449, -5.1994099617004395, -4.789955139160156, -4.319619655609131, -3.770601749420166, -3.1595118045806885, -2.4842312335968018, -1.7587559223175049, -0.9867046475410461, -0.18670080602169037, 0.6256036162376404, 1.4521710872650146, 2.264212131500244, 3.0562007427215576, 3.8180336952209473, 4.536190032958984, 5.197494983673096, 5.806448936462402, 6.3530731201171875, 6.835479259490967, 7.251664638519287, 7.614548683166504, 7.915940284729004, 8.15799617767334, 8.356301307678223, 8.524955749511719, 8.662774085998535, 8.770304679870605, 8.856602668762207, 8.908235549926758, 8.94736099243164, 8.967727661132812, 8.982114791870117, 8.963656425476074, 8.93152141571045, 8.857386589050293, 8.772294998168945, 8.64884090423584, 8.480993270874023, 8.2627592086792, 7.9951066970825195, 7.683962345123291, 7.304702281951904, 6.873615741729736, 6.385707378387451, 5.834103584289551, 5.238312244415283, 4.608717441558838, 3.936014413833618, 3.233734607696533, 2.516639471054077, 1.7998954057693481, 1.0958757400512695, 0.4102972149848938, -0.24718472361564636, -0.8536349534988403, -1.4037061929702759, -1.8980474472045898, -2.3286354541778564, -2.6950180530548096, -2.997934579849243, -3.2422308921813965, -3.427281618118286, -3.5580568313598633, -3.642812967300415, -3.6858770847320557, -3.6874163150787354, -3.6779568195343018, -3.6503000259399414, -3.605891227722168, -3.5544629096984863, -3.5012946128845215, -3.45133113861084, -3.3983542919158936, -3.3467772006988525, -3.2972030639648438, -3.2426958084106445, -3.1947498321533203, -3.1483683586120605, -3.102144718170166, -3.0484161376953125, -2.9870493412017822, -2.9228272438049316, -2.8578333854675293, -2.784560441970825, -2.699683427810669, -2.613468647003174, -2.525299310684204, -2.4298105239868164, -2.3302767276763916, -2.2273712158203125, -2.1154303550720215, -1.9970906972885132, -1.8705004453659058, -1.742990493774414, -1.609993577003479, -1.4714210033416748, -1.3378528356552124, -1.1941957473754883, -1.0302026271820068, -0.8828378319740295, -0.7218169569969177, -0.5500247478485107, -0.38747355341911316, -0.2094992846250534, -0.024096928536891937, 0.15080755949020386, 0.3379572033882141, 0.5408555865287781, 0.7534757852554321, 0.9816518425941467, 1.2224650382995605, 1.4547135829925537, 1.7210687398910522, 1.989564061164856, 2.2783732414245605, 2.580714702606201, 2.894655466079712, 3.212894916534424, 3.5337584018707275, 3.858830690383911, 4.164065361022949, 4.470668792724609, 4.752658367156982, 5.018405437469482, 5.271195411682129, 5.466072082519531, 5.654593467712402, 5.796675682067871, 5.92177152633667, 5.98807430267334, 6.043051719665527, 6.062664985656738, 6.047379493713379, 6.0253705978393555, 5.976573944091797, 5.9167962074279785, 5.869887828826904, 5.815412998199463, 5.76142692565918, 5.704566955566406, 5.661256313323975, 5.61683464050293, 5.605727672576904, 5.5798797607421875, 5.5680766105651855, 5.546737194061279, 5.51751708984375, 5.476607322692871, 5.417928218841553, 5.335813522338867, 5.219048500061035, 5.085846424102783, 4.9033379554748535, 4.695082187652588, 4.447831153869629, 4.154048442840576, 3.8532397747039795, 3.492983818054199, 3.130086660385132, 2.7284791469573975, 2.319704532623291, 1.9019486904144287, 1.4749057292938232, 1.0548851490020752, 0.644122838973999, 0.2462775707244873, -0.13407765328884125, -0.49360817670822144, -0.8256996870040894, -1.1337718963623047, -1.399492621421814, -1.6463849544525146, -1.8409595489501953, -2.0330734252929688, -2.192661762237549, -2.3233606815338135, -2.4305272102355957, -2.5229008197784424, -2.6086080074310303, -2.694526433944702, -2.7801032066345215, -2.863713026046753, -2.9466440677642822, -3.033956289291382, -3.130516290664673, -3.2358696460723877, -3.3440089225769043, -3.4542176723480225, -3.561234474182129, -3.6617588996887207, -3.7598929405212402, -3.851708173751831, -3.9337053298950195, -4.002573013305664, -4.06263542175293, -4.111993312835693, -4.147222995758057, -4.1763153076171875, -4.196815013885498, -4.210977554321289, -4.220462799072266, -4.23362922668457, -4.242336750030518, -4.26873779296875, -4.274145603179932, -4.283635139465332, -4.298923492431641, -4.314651012420654, -4.333824157714844, -4.352829933166504, -4.364351749420166, -4.372903823852539, -4.382657051086426, -4.391221523284912, -4.395827770233154, -4.394670486450195, -4.392882823944092, -4.389749526977539, -4.385534286499023, -4.3802056312561035, -4.3754730224609375, -4.368955612182617, -4.362328052520752, -4.356906890869141, -4.3523688316345215, -4.347400188446045, -4.343641757965088, -4.3419270515441895, -4.336939811706543, -4.33375358581543, -4.331837177276611, -4.33054780960083, -4.328731060028076, -4.329282760620117 ],