{
  "cnttask" : [ 8.786500930786133, 7.1722540855407715, 5.966434001922607, 5.966588497161865, 5.600727558135986, 5.9800567626953125, 0, 0, 0, 0, 0, 0, 0, 0, 0, 0, 0, 0, 0, 0, 0, 0, 0, 0, 0, 0, 0, 0, 0, 0, 0, 0, 0, 0, 0, 0, 0, 0, 0, 0, 0, 0, 0, 0, 0, 0, 0, 0, 0, 0, 0, 0, 0, 0, 0, 0, 0, 0, 0, 0, 0, 0, 0, 0, 0, 0, 0, 0, 0, 0, 0, 0, 0, 0, 0, 0, 0, 0, 0, 0, 0, 0, 0, 0, 0, 0, 0, 0, 0, 0, 0, 0, 0, 0, 0, 0, 0, 0, 0, 0, 0, 0, 0, 0, 0, 0, 0, 0, 0, 0, 0, 0, 0, 0, 0, 0, 0, 0, 0, 0, 0, 0, 0, 0, 0, 0, 0, 0, 0, 0, 0, 0, 0, 0, 0, 0, 0, 0, 0, 0, 0, 0, 0, 0, 0, 0, 0, 0, 0, 0, 0, 0, 0, 0, 0, 0, 0, 0, 0, 0 ],
  "smoothsum" : [ -2.5159785747528076, -2.526519536972046, -2.544832706451416, -2.5593254566192627, -2.563750982284546, -2.568939685821533, -2.56773042678833, -2.5627262592315674, -2.549123764038086, -2.5281505584716797, -2.498624563217163, -2.4592995643615723, -2.407992362976074, -2.342625617980957, -2.2643625736236572, -2.173795461654663, -2.0692055225372314, -1.9541168212890625, -1.822779655456543, -1.6849157810211182, -1.5355191230773926, -1.3787022829055786, -1.2114603519439697, -1.0387561321258545, -0.8538007140159607, -0.6539328098297119, -0.4349164068698883, -0.2007761150598526, 0.045353733003139496, 0.3242499828338623, 0.6148645281791687, 0.939809262752533, 1.2844717502593994, 1.6564863920211792, 2.0600597858428955, 2.459341287612915, 2.8888559341430664, 3.3181111812591553, 3.747547149658203, 4.183140754699707, 4.586587429046631, 4.988692760467529, 5.366591453552246, 5.708611488342285, 6.036501407623291, 6.316545009613037, 6.573737144470215, 6.781202793121338, 6.970358371734619, 7.1253862380981445, 7.251831531524658, 7.365559101104736, 7.434286594390869, 7.491199970245361, 7.544789791107178, 7.570734024047852, 7.597733020782471, 7.61115837097168, 7.620554447174072, 7.63694429397583, 7.641773700714111, 7.668234825134277, 7.6833271980285645, 7.712981700897217, 7.75503396987915, 7.7943525314331055, 7.863309383392334, 7.928775310516357, 8.00855827331543, 8.098033905029297, 8.17833137512207, 8.283233642578125, 8.373541831970215, 8.463318824768066, 8.558330535888672, 8.624137878417969, 8.694862365722656, 8.736427307128906, 8.777325630187988, 8.786500930786133, 8.76954174041748, 8.71910572052002, 8.611973762512207, 8.488105773925781, 8.318100929260254, 8.089308738708496, 7.809731960296631, 7.455398082733154, 7.036797523498535, 6.567667007446289, 6.03331184387207, 5.43837308883667, 4.797622203826904, 4.107502460479736, 3.3839194774627686, 2.6448922157287598, 1.9061447381973267, 1.1565616130828857, 0.41727155447006226, -0.27056884765625, -0.9261311888694763, -1.543788194656372, -2.0849385261535645, -2.5555667877197266, -2.967468023300171, -3.315700054168701, -3.6003167629241943, -3.8232061862945557, -3.983900785446167, -4.095998764038086, -4.168111801147461, -4.203178882598877, -4.207154273986816, -4.1852192878723145, -4.1496663093566895, -4.113489151000977, -4.076694011688232, -4.033356666564941, -3.9833552837371826, -3.928025722503662, -3.888312339782715, -3.848205327987671, -3.800166606903076, -3.758127212524414, -3.6757962703704834, -3.592327833175659, -3.477205514907837, -3.3631768226623535, -3.197360038757324, -2.9847424030303955, -2.7604081630706787, -2.4812111854553223, -2.136093854904175, -1.7731564044952393, -1.3752787113189697, -0.9287643432617188, -0.4730469584465027, 0.01798245497047901, 0.5191372036933899, 1.0195797681808472, 1.5210180282592773, 2.006403923034668, 2.4772655963897705, 2.9176383018493652, 3.340355157852173, 3.731023073196411, 4.079629421234131, 4.398119926452637, 4.691381931304932, 4.937732219696045, 5.151388645172119, 5.333990573883057, 5.484705924987793, 5.62966775894165, 5.7607879638671875, 5.840110778808594, 5.925023078918457, 5.981248378753662, 6.0435919761657715, 6.090672016143799, 6.132961750030518, 6.181591987609863, 6.2300872802734375, 6.278021335601807, 6.3404693603515625, 6.4065656661987305, 6.473473072052002, 6.566751003265381, 6.658386707305908, 6.753067970275879, 6.8505167961120605, 6.942895412445068, 7.03610897064209, 7.098778247833252, 7.152901649475098, 7.1722540855407715, 7.139045715332031, 7.087384223937988, 6.985315799713135, 6.809626579284668, 6.5987677574157715, 6.318917274475098, 5.973470687866211, 5.575002670288086, 5.117969512939453, 4.6127824783325195, 4.063523769378662, 3.476551055908203, 2.8600571155548096, 2.215460777282715, 1.5609532594680786, 0.9071569442749023, 0.2636125087738037, -0.362632691860199, -0.9606437683105469, -1.5228044986724854, -2.041886806488037, -2.5190632343292236, -2.9461307525634766, -3.323430061340332, -3.6467435359954834, -3.9154481887817383, -4.137195110321045, -4.330501079559326, -4.470155715942383, -4.5784831047058105, -4.675297260284424, -4.716916561126709, -4.750610828399658, -4.796407699584961, -4.81985330581665, -4.854606628417969, -4.891636371612549, -4.9350175857543945, -4.963001251220703, -4.997851848602295, -5.069409370422363, -5.120059490203857, -5.169001579284668, -5.2340545654296875, -5.27205753326416, -5.2942914962768555, -5.318548202514648, -5.313333988189697, -5.290855407714844, -5.234061241149902, -5.148664474487305, -5.012306213378906, -4.85334587097168, -4.637217998504639, -4.401305198669434, -4.097994804382324, -3.756291627883911, -3.380523681640625, -2.957164764404297, -2.5009028911590576, -2.0013835430145264, -1.4511876106262207, -0.9187419414520264, -0.3336767852306366, 0.2143176943063736, 0.8211560249328613, 1.389159917831421, 1.96108877658844, 2.51788330078125, 3.028104066848755, 3.493237018585205, 3.9472086429595947, 4.347736358642578, 4.70088005065918, 5.01600980758667, 5.270116806030273, 5.480357646942139, 5.641109466552734, 5.777113914489746, 5.868485927581787, 5.932567119598389, 5.966434001922607, 5.963166236877441, 5.966588497161865, 5.926324844360352, 5.912840366363525, 5.862639904022217, 5.813518524169922, 5.764418601989746, 5.72061824798584, 5.688042640686035, 5.648359298706055, 5.606264114379883, 5.6010003089904785, 5.562591552734375, 5.600727558135986, 5.592616558074951, 5.6239423751831055, 5.650097846984863, 5.689077854156494, 5.735611915588379, 5.801628112792969, 5.854058265686035, 5.899813175201416, 5.9430928230285645, 5.965044975280762, 5.9800567626953125, 5.978529930114746, 5.940169334411621, 5.836885929107666, 5.725240707397461, 5.538409233093262, 5.330860137939453, 5.083437442779541, 4.749116897583008, 4.37636661529541, 3.9718689918518066, 3.534902334213257, 3.044163703918457, 2.547969341278076, 2.0572774410247803, 1.5610036849975586, 1.077114462852478, 0.6173012256622314, 0.18397480249404907, -0.21127614378929138, -0.5617307424545288, -0.8759305477142334, -1.144781231880188, -1.3703229427337646, -1.5450730323791504, -1.6805078983306885, -1.8016891479492188, -1.8884097337722778, -1.9509235620498657, -2.013509511947632, -2.0535175800323486, -2.098999500274658, -2.1674001216888428, -2.20784592628479, -2.2417213916778564, -2.2973523139953613, -2.325881242752075, -2.3880226612091064, -2.486182451248169 ],