{
  "cnttask" : [ 8.04776668548584, 5.4468865394592285, 5.985532760620117, 5.372157573699951, 4.821017265319824, 0, 0, 0, 0, 0, 0, 0, 0, 0, 0, 0, 0, 0, 0, 0, 0, 0, 0, 0, 0, 0, 0, 0, 0, 0, 0, 0, 0, 0, 0, 0, 0, 0, 0, 0, 0, 0, 0, 0, 0, 0, 0, 0, 0, 0, 0, 0, 0, 0, 0, 0, 0, 0, 0, 0, 0, 0, 0, 0, 0, 0, 0, 0, 0, 0, 0, 0, 0, 0, 0, 0, 0, 0, 0, 0, 0, 0, 0, 0, 0, 0, 0, 0, 0, 0, 0, 0, 0, 0, 0, 0, 0, 0, 0, 0, 0, 0, 0, 0, 0, 0, 0, 0, 0, 0, 0, 0, 0, 0, 0, 0, 0, 0, 0, 0, 0, 0, 0, 0, 0, 0, 0, 0, 0, 0, 0, 0, 0, 0, 0, 0, 0, 0, 0, 0, 0, 0, 0, 0, 0, 0, 0, 0, 0, 0, 0, 0, 0, 0, 0, 0, 0, 0, 0, 0, 0, 0, 0, 0, 0, 0, 0, 0, 0, 0, 0, 0, 0, 0, 0, 0, 0, 0, 0, 0 ],
  "smoothsum" : [ -2.4227757453918457, -2.4368250370025635, -2.4285707473754883, -2.43133807182312, -2.430250406265259, -2.439656972885132, -2.4363901615142822, -2.4417564868927, -2.443449020385742, -2.4347288608551025, -2.4109458923339844, -2.3700132369995117, -2.3156442642211914, -2.2314693927764893, -2.1243197917938232, -1.9980870485305786, -1.8310924768447876, -1.6294952630996704, -1.4017504453659058, -1.1306835412979126, -0.8236226439476013, -0.49616602063179016, -0.13312062621116638, 0.2636105716228485, 0.674659788608551, 1.0991904735565186, 1.534459114074707, 1.975981593132019, 2.416316270828247, 2.8488287925720215, 3.2784910202026367, 3.6996641159057617, 4.108218193054199, 4.483771324157715, 4.841692924499512, 5.167636394500732, 5.475900650024414, 5.750537872314453, 5.994559288024902, 6.215914249420166, 6.4138383865356445, 6.569252967834473, 6.692558288574219, 6.803341865539551, 6.8972907066345215, 6.966243267059326, 7.02614164352417, 7.0708088874816895, 7.084519863128662, 7.126420021057129, 7.145021915435791, 7.173284530639648, 7.22622537612915, 7.243971824645996, 7.2727227210998535, 7.303960800170898, 7.341967582702637, 7.383233070373535, 7.402055263519287, 7.439606666564941, 7.460842609405518, 7.481908321380615, 7.50685453414917, 7.5165019035339355, 7.5300445556640625, 7.538923263549805, 7.543173789978027, 7.547760486602783, 7.548072338104248, 7.55745267868042, 7.56563138961792, 7.572439670562744, 7.595419883728027, 7.630521774291992, 7.66471529006958, 7.690375328063965, 7.728028774261475, 7.7747602462768555, 7.8230390548706055, 7.893922328948975, 7.944803714752197, 8.001745223999023, 8.04776668548584, 8.026549339294434, 8.01480770111084, 7.9551191329956055, 7.863368034362793, 7.704029083251953, 7.472534656524658, 7.183770179748535, 6.797035217285156, 6.341538429260254, 5.806194305419922, 5.196518898010254, 4.540728569030762, 3.826322555541992, 3.076967239379883, 2.318174123764038, 1.5549119710922241, 0.8050532341003418, 0.08819492161273956, -0.580353856086731, -1.1894594430923462, -1.7294609546661377, -2.191215991973877, -2.567072868347168, -2.858764886856079, -3.0738525390625, -3.2151594161987305, -3.2932772636413574, -3.3174426555633545, -3.3013968467712402, -3.2576041221618652, -3.207449197769165, -3.1107146739959717, -3.0120959281921387, -2.9145150184631348, -2.830087184906006, -2.743098497390747, -2.6660947799682617, -2.599982976913452, -2.556349992752075, -2.5186967849731445, -2.4863858222961426, -2.4701755046844482, -2.469637393951416, -2.4810903072357178, -2.509559392929077, -2.5609376430511475, -2.6315183639526367, -2.722144365310669, -2.828526735305786, -2.9554080963134766, -3.101029634475708, -3.2552783489227295, -3.4190304279327393, -3.586716890335083, -3.752377986907959, -3.9128928184509277, -4.0666704177856445, -4.206212520599365, -4.321902751922607, -4.404257297515869, -4.465917110443115, -4.499230861663818, -4.4554829597473145, -4.365032196044922, -4.2459635734558105, -4.076584815979004, -3.8487234115600586, -3.5816965103149414, -3.2544209957122803, -2.849670171737671, -2.403801202774048, -1.9203739166259766, -1.3850419521331787, -0.829692542552948, -0.24279730021953583, 0.35727187991142273, 0.9565082788467407, 1.5578991174697876, 2.133988618850708, 2.690192699432373, 3.1906931400299072, 3.6609673500061035, 4.076179027557373, 4.432672023773193, 4.723785400390625, 4.955682277679443, 5.134267330169678, 5.267543792724609, 5.3541789054870605, 5.402736663818359, 5.4179487228393555, 5.430379867553711, 5.4468865394592285, 5.425556659698486, 5.402440071105957, 5.406819820404053, 5.42381477355957, 5.441004276275635, 5.481215953826904, 5.535754203796387, 5.581586837768555, 5.641134262084961, 5.71226167678833, 5.77320671081543, 5.842713356018066, 5.897623062133789, 5.945644855499268, 5.97913932800293, 5.985532760620117, 5.985095977783203, 5.94818115234375, 5.88692569732666, 5.783313274383545, 5.646815299987793, 5.474659442901611, 5.265869617462158, 5.017668724060059, 4.719893455505371, 4.370044231414795, 3.977646827697754, 3.552706241607666, 3.0895397663116455, 2.60805606842041, 2.101531744003296, 1.5768003463745117, 1.047273874282837, 0.5230886936187744, 0.013222306966781616, -0.46749478578567505, -0.9101386666297913, -1.3159353733062744, -1.6696780920028687, -1.9683175086975098, -2.2123124599456787, -2.4001612663269043, -2.53542423248291, -2.621643304824829, -2.664451837539673, -2.6620216369628906, -2.6289799213409424, -2.5791115760803223, -2.5175976753234863, -2.4294636249542236, -2.3417582511901855, -2.2592132091522217, -2.1821177005767822, -2.117429494857788, -2.0751774311065674, -2.0409860610961914, -2.015657424926758, -2.0003395080566406, -2.0034329891204834, -2.013368606567383, -2.0453829765319824, -2.0876712799072266, -2.1349472999572754, -2.1913654804229736, -2.252004384994507, -2.3172707557678223, -2.390050172805786, -2.471529483795166, -2.55397629737854, -2.6410748958587646, -2.7322542667388916, -2.825396776199341, -2.9202075004577637, -3.014309883117676, -3.1068031787872314, -3.1979684829711914, -3.28680157661438, -3.370621681213379, -3.451622247695923, -3.525308609008789, -3.596980094909668, -3.660444736480713, -3.7159414291381836, -3.767509698867798, -3.8116328716278076, -3.843583583831787, -3.8738090991973877, -3.902164936065674, -3.9191722869873047, -3.935183525085449, -3.915130138397217, -3.8980519771575928, -3.8709592819213867, -3.8234660625457764, -3.749396324157715, -3.651885747909546, -3.5217764377593994, -3.3562510013580322, -3.145656108856201, -2.911924362182617, -2.637446641921997, -2.3118114471435547, -1.9634865522384644, -1.576966404914856, -1.1534806489944458, -0.7198109030723572, -0.2739754915237427, 0.18729713559150696, 0.6417233347892761, 1.0920723676681519, 1.5230662822723389, 1.9583971500396729, 2.3708441257476807, 2.7279398441314697, 3.072054386138916, 3.373746395111084, 3.6479055881500244, 3.9078142642974854, 4.147031307220459, 4.341960430145264, 4.539085865020752, 4.673978805541992, 4.814573764801025, 4.944408416748047, 5.036464214324951, 5.13086462020874, 5.208882808685303, 5.274749755859375, 5.321831226348877, 5.33452844619751, 5.354050636291504, 5.372157573699951, 5.346259117126465, 5.3374223709106445, 5.306607723236084, 5.254300594329834, 5.203673362731934, 5.148537635803223, 5.084403038024902, 5.030255317687988, 4.9787702560424805, 4.939239978790283, 4.88414192199707, 4.834752559661865, 4.822655200958252, 4.807490348815918, 4.821017265319824, 4.779608249664307, 4.7338762283325195, 4.6770477294921875, 4.613985538482666, 4.4949421882629395, 4.335687160491943, 4.104881763458252, 3.8063032627105713, 3.460167407989502, 3.0279541015625, 2.533088445663452, 1.9740259647369385, 1.3669549226760864, 0.738715648651123, 0.08203905820846558, -0.5927904844284058, -1.2378591299057007, -1.8719184398651123, -2.46081280708313, -2.9940309524536133, -3.4639384746551514, -3.857804775238037, -4.176401138305664, -4.422130584716797, -4.594893932342529, -4.699981689453125, -4.748045921325684, -4.752536296844482, -4.7245564460754395, -4.680117130279541, -4.638314723968506, -4.530340194702148, -4.42996072769165, -4.339287281036377, -4.258253574371338, -4.180819034576416, -4.10345458984375, -4.033056259155273 ],