{
  "cnttask" : [ 6.129730224609375, 5.164450168609619, 5.15814733505249, 4.236770153045654, 0, 0, 0, 0, 0, 0, 0, 0, 0, 0, 0, 0, 0, 0, 0, 0, 0, 0, 0, 0, 0, 0, 0, 0, 0, 0, 0, 0, 0, 0, 0, 0, 0, 0, 0, 0, 0, 0, 0, 0, 0, 0, 0, 0, 0, 0, 0, 0, 0, 0, 0, 0, 0, 0, 0, 0, 0, 0, 0, 0, 0, 0, 0, 0, 0, 0, 0, 0, 0, 0, 0, 0, 0, 0, 0, 0, 0, 0, 0, 0, 0, 0, 0, 0, 0, 0, 0, 0, 0, 0, 0, 0, 0, 0, 0, 0, 0, 0, 0, 0, 0, 0, 0, 0, 0, 0, 0, 0, 0, 0, 0, 0, 0, 0, 0, 0, 0, 0, 0, 0, 0, 0, 0, 0, 0, 0, 0, 0, 0, 0, 0, 0, 0, 0, 0, 0, 0, 0, 0, 0, 0, 0, 0, 0, 0, 0, 0, 0, 0, 0, 0, 0, 0, 0, 0, 0, 0, 0, 0, 0, 0, 0, 0, 0, 0, 0 ],
  "smoothsum" : [ -2.573796033859253, -2.5351431369781494, -2.498018980026245, -2.448840856552124, -2.4000213146209717, -2.35235595703125, -2.3035829067230225, -2.2549242973327637, -2.206244945526123, -2.157442331314087, -2.1092183589935303, -2.060641288757324, -2.0133564472198486, -1.9665095806121826, -1.920527696609497, -1.8771635293960571, -1.827890157699585, -1.7797105312347412, -1.7308251857757568, -1.6824951171875, -1.6361392736434937, -1.5836207866668701, -1.5232025384902954, -1.4644019603729248, -1.3950765132904053, -1.3125666379928589, -1.2123056650161743, -1.1029963493347168, -0.9792708158493042, -0.8332631587982178, -0.6659221649169922, -0.47459349036216736, -0.24894922971725464, 0.009802510030567646, 0.28732359409332275, 0.5990355610847473, 0.9432331919670105, 1.2999931573867798, 1.677589774131775, 2.077338695526123, 2.4794387817382812, 2.8868634700775146, 3.2980542182922363, 3.6925530433654785, 4.07095193862915, 4.425918102264404, 4.761782169342041, 5.056766033172607, 5.315421104431152, 5.547584056854248, 5.72701358795166, 5.878983020782471, 5.9933271408081055, 6.065215587615967, 6.122265815734863, 6.129730224609375, 6.1236348152160645, 6.089630126953125, 6.035965442657471, 5.971801280975342, 5.88595724105835, 5.806840896606445, 5.723830223083496, 5.627063751220703, 5.534679412841797, 5.448640823364258, 5.3543195724487305, 5.243316173553467, 5.127155303955078, 5.002037525177002, 4.848624229431152, 4.681232929229736, 4.481412887573242, 4.229286193847656, 3.936145782470703, 3.596602439880371, 3.2083189487457275, 2.762458086013794, 2.2797837257385254, 1.760015845298767, 1.202036738395691, 0.6339606046676636, 0.05226309970021248, -0.5313941836357117, -1.0959352254867554, -1.6464040279388428, -2.139465570449829, -2.601344585418701, -3.0098564624786377, -3.352719783782959, -3.632395029067993, -3.840120315551758, -3.993377447128296, -4.085531234741211, -4.119160175323486, -4.114380359649658, -4.074504852294922, -4.005655765533447, -3.9090006351470947, -3.7940406799316406, -3.6740517616271973, -3.5489389896392822, -3.4325788021087646, -3.324655532836914, -3.2209835052490234, -3.1259922981262207, -3.0480034351348877, -2.981865644454956, -2.921970844268799, -2.868351697921753, -2.826047897338867, -2.796231985092163, -2.773737668991089, -2.7663471698760986, -2.756584644317627, -2.7519493103027344, -2.7545294761657715, -2.7704975605010986, -2.792867660522461, -2.825958251953125, -2.8680472373962402, -2.9200870990753174, -2.980415105819702, -3.044050693511963, -3.101198196411133, -3.1557319164276123, -3.191962242126465, -3.226182699203491, -3.2266058921813965, -3.2026796340942383, -3.146772861480713, -3.0417821407318115, -2.9009876251220703, -2.7082459926605225, -2.4721577167510986, -2.199162721633911, -1.8764055967330933, -1.5210598707199097, -1.1370317935943604, -0.7241259217262268, -0.32098591327667236, 0.10790758579969406, 0.532860279083252, 0.9542794227600098, 1.3794056177139282, 1.7686468362808228, 2.1472322940826416, 2.4837875366210938, 2.8170268535614014, 3.110792875289917, 3.372236490249634, 3.635611057281494, 3.8434739112854004, 4.050593852996826, 4.232118129730225, 4.377961158752441, 4.533485412597656, 4.633303642272949, 4.75131893157959, 4.839685916900635, 4.90620231628418, 4.981173992156982, 5.026674270629883, 5.07560920715332, 5.105172634124756, 5.12740421295166, 5.148786544799805, 5.1551899909973145, 5.1612348556518555, 5.164450168609619, 5.154811859130859, 5.15814733505249, 5.147581100463867, 5.135827541351318, 5.118396759033203, 5.0868682861328125, 5.061949253082275, 5.012777805328369, 4.955550193786621, 4.881484508514404, 4.806072235107422, 4.711795806884766, 4.567670822143555, 4.430118560791016, 4.255429267883301, 4.061395168304443, 3.8531904220581055, 3.5978362560272217, 3.351285219192505, 3.066598653793335, 2.7707250118255615, 2.474970579147339, 2.1582791805267334, 1.8491765260696411, 1.5356417894363403, 1.2318404912948608, 0.9390204548835754, 0.6608352065086365, 0.39881157875061035, 0.15760689973831177, -0.06246281787753105, -0.2638150155544281, -0.4373464286327362, -0.5922321677207947, -0.726604163646698, -0.8361539840698242, -0.9305786490440369, -1.0067203044891357, -1.0660018920898438, -1.095467448234558, -1.1269549131393433, -1.1556075811386108, -1.1703585386276245, -1.1822339296340942, -1.1864608526229858, -1.1951549053192139, -1.2022192478179932, -1.2109873294830322, -1.236384630203247, -1.264672040939331, -1.2988369464874268, -1.3441129922866821, -1.394303321838379, -1.4574743509292603, -1.5226234197616577, -1.5819594860076904, -1.6351712942123413, -1.6944793462753296, -1.734228491783142, -1.7477480173110962, -1.7533783912658691, -1.734175443649292, -1.670821189880371, -1.58822500705719, -1.464969515800476, -1.3028351068496704, -1.11448335647583, -0.8822951316833496, -0.6261472105979919, -0.3371499180793762, -0.02828144282102585, 0.2790937125682831, 0.6140190362930298, 0.9430160522460938, 1.2775816917419434, 1.5979081392288208, 1.9294599294662476, 2.2047860622406006, 2.4776573181152344, 2.7385196685791016, 2.955958604812622, 3.1673593521118164, 3.3439483642578125, 3.4960498809814453, 3.6319892406463623, 3.7456095218658447, 3.833329677581787, 3.90120267868042, 3.9713051319122314, 4.022895812988281, 4.055979251861572, 4.092219829559326, 4.123777389526367, 4.1407880783081055, 4.168741226196289, 4.191126823425293, 4.210216045379639, 4.23516321182251, 4.236770153045654, 4.22916316986084, 4.213965892791748, 4.17440128326416, 4.120419979095459, 4.018599033355713, 3.8838212490081787, 3.6924490928649902, 3.458475112915039, 3.1480929851531982, 2.8133301734924316, 2.397507905960083, 1.9197025299072266, 1.4139968156814575, 0.8338637948036194, 0.21659311652183533, -0.4287208318710327, -1.0899473428726196, -1.7645913362503052, -2.4348223209381104, -3.1052231788635254, -3.7542808055877686, -4.3712310791015625, -4.945377826690674, -5.474332809448242, -5.947949409484863, -6.370327949523926, -6.738896369934082, -7.0522050857543945, -7.309210300445557, -7.512093544006348, -7.647385120391846, -7.727959156036377, -7.7766523361206055, -7.779872417449951, -7.739346027374268, -7.672022819519043, -7.577850818634033, -7.460089683532715, -7.333089828491211, -7.202037811279297, -7.072510719299316, -6.947006702423096, -6.827460765838623, -6.730175971984863, -6.647248268127441, -6.577415943145752, -6.533018589019775, -6.513943672180176, -6.511962890625, -6.531404972076416, -6.552424430847168, -6.582969665527344, -6.621342658996582, -6.668902397155762, -6.714887619018555, -6.762317180633545, -6.806151866912842, -6.841987133026123, -6.8720221519470215, -6.896347522735596, -6.914617538452148, -6.931629180908203, -6.944358825683594, -6.9523606300354, -6.957033634185791, -6.961413860321045, -6.965895652770996, -6.970701694488525, -6.973670482635498, -6.976274490356445, -6.981595993041992, -6.984037399291992 ],