{
  "cnttask" : [ 8.089582443237305, 8.29887580871582, 8.318699836730957, 7.134830474853516, 6.839479923248291, 7.15352725982666, 0, 0, 0, 0, 0, 0, 0, 0, 0, 0, 0, 0, 0, 0, 0, 0, 0, 0, 0, 0, 0, 0, 0, 0, 0, 0, 0, 0, 0, 0, 0, 0, 0, 0, 0, 0, 0, 0, 0, 0, 0, 0, 0, 0, 0, 0, 0, 0, 0, 0, 0, 0, 0, 0, 0, 0, 0, 0, 0, 0, 0, 0, 0, 0, 0, 0, 0, 0, 0, 0, 0, 0, 0, 0, 0, 0, 0, 0, 0, 0, 0, 0, 0, 0, 0, 0, 0, 0, 0, 0, 0, 0, 0, 0, 0, 0, 0, 0, 0, 0, 0, 0, 0, 0, 0, 0, 0, 0, 0, 0, 0, 0, 0, 0, 0, 0, 0, 0, 0, 0, 0, 0, 0, 0, 0, 0, 0, 0, 0, 0, 0, 0, 0, 0, 0, 0, 0, 0, 0, 0, 0, 0, 0, 0 ],
  "smoothsum" : [ -5.015695571899414, -4.997069835662842, -4.965907573699951, -4.929011821746826, -4.8854546546936035, -4.831424713134766, -4.7672624588012695, -4.693975448608398, -4.608073711395264, -4.514780044555664, -4.415434837341309, -4.30515718460083, -4.19094181060791, -4.064332485198975, -3.9293811321258545, -3.784975290298462, -3.6491401195526123, -3.498183012008667, -3.335308790206909, -3.181182622909546, -3.006763458251953, -2.802522659301758, -2.5950777530670166, -2.391721248626709, -2.1535263061523438, -1.8779935836791992, -1.5861891508102417, -1.2667937278747559, -0.9462037086486816, -0.5839375853538513, -0.18035003542900085, 0.21742209792137146, 0.6280349493026733, 1.055672526359558, 1.475528359413147, 1.8962172269821167, 2.331373929977417, 2.7382335662841797, 3.1233558654785156, 3.5039472579956055, 3.8479764461517334, 4.18485164642334, 4.493200302124023, 4.7847371101379395, 5.0513596534729, 5.29561710357666, 5.518768787384033, 5.7385172843933105, 5.941841125488281, 6.131011486053467, 6.334651947021484, 6.526435375213623, 6.692762851715088, 6.861669540405273, 7.040694713592529, 7.196045398712158, 7.341836452484131, 7.493656158447266, 7.6255202293396, 7.7695207595825195, 7.885941028594971, 7.957467555999756, 8.032243728637695, 8.08311653137207, 8.089582443237305, 8.06797981262207, 7.998171329498291, 7.84670352935791, 7.646141052246094, 7.376601696014404, 7.0132269859313965, 6.586429119110107, 6.06533145904541, 5.464549541473389, 4.7842512130737305, 4.03680944442749, 3.243176221847534, 2.4188575744628906, 1.5792535543441772, 0.7468942999839783, -0.057676129043102264, -0.8200607895851135, -1.5153889656066895, -2.133885383605957, -2.657203197479248, -3.07572603225708, -3.3910393714904785, -3.5963761806488037, -3.7011308670043945, -3.717482089996338, -3.656339645385742, -3.5325052738189697, -3.3512275218963623, -3.1395208835601807, -2.9124789237976074, -2.675356149673462, -2.449143409729004, -2.2331535816192627, -2.0409724712371826, -1.8735789060592651, -1.7255815267562866, -1.6155502796173096, -1.542042851448059, -1.460927963256836, -1.3750348091125488, -1.269884705543518, -1.1617236137390137, -1.0137429237365723, -0.8494819402694702, -0.60297691822052, -0.3046765625476837, 0.05675031244754791, 0.4938012361526489, 0.9718703031539917, 1.528822422027588, 2.117321252822876, 2.731877088546753, 3.37815523147583, 4.016873359680176, 4.661162853240967, 5.282587051391602, 5.839931964874268, 6.365248680114746, 6.83534049987793, 7.232027530670166, 7.567439556121826, 7.81926965713501, 8.025110244750977, 8.161470413208008, 8.243626594543457, 8.293802261352539, 8.29887580871582, 8.293006896972656, 8.292726516723633, 8.254955291748047, 8.208696365356445, 8.155095100402832, 8.122823715209961, 8.088971138000488, 8.087719917297363, 8.069110870361328, 8.063102722167969, 8.064929962158203, 8.066925048828125, 8.094588279724121, 8.109432220458984, 8.142950057983398, 8.185264587402344, 8.223755836486816, 8.272128105163574, 8.297371864318848, 8.304226875305176, 8.318699836730957, 8.291296005249023, 8.216019630432129, 8.103899002075195, 7.940608501434326, 7.726912021636963, 7.436212062835693, 7.09081506729126, 6.686386585235596, 6.207128524780273, 5.68005895614624, 5.106237411499023, 4.491456985473633, 3.8645572662353516, 3.2232086658477783, 2.585554599761963, 1.96477472782135, 1.3674770593643188, 0.8046982884407043, 0.28848010301589966, -0.18063770234584808, -0.5998696088790894, -0.9669314622879028, -1.281943678855896, -1.5531184673309326, -1.7845361232757568, -1.9790894985198975, -2.146223545074463, -2.2868289947509766, -2.4072794914245605, -2.512631416320801, -2.612658739089966, -2.706127643585205, -2.7819409370422363, -2.8528940677642822, -2.9156579971313477, -2.955699920654297, -2.9786579608917236, -2.987356185913086, -2.975985050201416, -2.937701940536499, -2.8712830543518066, -2.773954391479492, -2.6414785385131836, -2.474388599395752, -2.2577834129333496, -1.9958664178848267, -1.7063325643539429, -1.377929925918579, -1.000273585319519, -0.5940801501274109, -0.1609860360622406, 0.3092528283596039, 0.7951518297195435, 1.3024252653121948, 1.8244882822036743, 2.3252875804901123, 2.834653615951538, 3.336003065109253, 3.7975707054138184, 4.247367858886719, 4.670587539672852, 5.039038181304932, 5.38493013381958, 5.701037406921387, 5.973610877990723, 6.205373764038086, 6.411738872528076, 6.58074426651001, 6.71333122253418, 6.829653739929199, 6.9261345863342285, 6.995156764984131, 7.043437957763672, 7.090723991394043, 7.1217474937438965, 7.134830474853516, 7.1318511962890625, 7.131739616394043, 7.125171661376953, 7.099734783172607, 7.0789384841918945, 7.064258098602295, 7.0314741134643555, 7.01124382019043, 6.981019496917725, 6.931066513061523, 6.915910720825195, 6.896175384521484, 6.867655277252197, 6.847463607788086, 6.833240985870361, 6.824065208435059, 6.833000659942627, 6.839479923248291, 6.835053443908691, 6.85648250579834, 6.888993740081787, 6.909603118896484, 6.9428582191467285, 6.983273029327393, 7.019463062286377, 7.0521440505981445, 7.091975688934326, 7.127620697021484, 7.145514011383057, 7.15352725982666, 7.146951675415039, 7.11379337310791, 7.047489643096924, 6.94625997543335, 6.805870532989502, 6.6070475578308105, 6.35107946395874, 6.036683559417725, 5.651329517364502, 5.196778297424316, 4.694246292114258, 4.120294570922852, 3.4823381900787354, 2.8049466609954834, 2.108670949935913, 1.375646948814392, 0.6300377249717712, -0.0978793129324913, -0.8071547746658325, -1.474269986152649, -2.0947787761688232, -2.6567013263702393, -3.1456096172332764, -3.5641677379608154, -3.9090003967285156, -4.180352210998535, -4.380515098571777, -4.516851902008057, -4.5934224128723145, -4.626072883605957, -4.6190314292907715, -4.587734699249268, -4.538402080535889, -4.47569465637207, -4.409090518951416, -4.343860626220703, -4.281558513641357, -4.227500915527344, -4.174659252166748, -4.135298252105713, -4.100358009338379, -4.078163146972656 ],