{
  "cnttask" : [ 6.037046432495117, 5.718863010406494, 5.739531517028809, 6.0119428634643555, 6.524198532104492, 6.512070178985596, 0, 0, 0, 0, 0, 0, 0, 0, 0, 0, 0, 0, 0, 0, 0, 0, 0, 0, 0, 0, 0, 0, 0, 0, 0, 0, 0, 0, 0, 0, 0, 0, 0, 0, 0, 0, 0, 0, 0, 0, 0, 0, 0, 0, 0, 0, 0, 0, 0, 0, 0, 0, 0, 0, 0, 0, 0, 0, 0, 0, 0, 0, 0, 0, 0, 0, 0, 0, 0, 0, 0, 0, 0, 0, 0, 0, 0, 0, 0, 0, 0, 0, 0, 0, 0, 0, 0, 0, 0, 0, 0, 0, 0, 0, 0, 0, 0, 0, 0, 0, 0, 0, 0, 0, 0, 0, 0, 0, 0, 0, 0, 0, 0, 0, 0, 0, 0, 0, 0, 0, 0, 0, 0, 0, 0, 0, 0, 0, 0, 0, 0, 0, 0, 0 ],
  "smoothsum" : [ -4.8225016593933105, -4.8066725730896, -4.786099910736084, -4.765320777893066, -4.739927291870117, -4.715243816375732, -4.688997268676758, -4.653065204620361, -4.616459369659424, -4.567270278930664, -4.514466762542725, -4.449122428894043, -4.372506141662598, -4.285904407501221, -4.178101062774658, -4.05201530456543, -3.921926498413086, -3.7572808265686035, -3.5760960578918457, -3.381356716156006, -3.15279483795166, -2.910989999771118, -2.6683859825134277, -2.386914014816284, -2.09019136428833, -1.7851191759109497, -1.4633557796478271, -1.1284672021865845, -0.7760613560676575, -0.4312072992324829, -0.0699084922671318, 0.28659316897392273, 0.6430970430374146, 1.006561279296875, 1.3381973505020142, 1.6912086009979248, 2.015385866165161, 2.3280887603759766, 2.637634754180908, 2.904475212097168, 3.174553632736206, 3.41208815574646, 3.636622905731201, 3.8387115001678467, 4.023911476135254, 4.187295436859131, 4.331867218017578, 4.476287841796875, 4.602898597717285, 4.714151859283447, 4.826541900634766, 4.926387310028076, 5.019363880157471, 5.12265682220459, 5.210041046142578, 5.298960208892822, 5.39207124710083, 5.479881286621094, 5.564551830291748, 5.634307861328125, 5.719229221343994, 5.791075229644775, 5.864863395690918, 5.9321136474609375, 5.974894046783447, 6.034823894500732, 6.036276817321777, 6.037046432495117, 6.006848335266113, 5.920919895172119, 5.820863723754883, 5.64147424697876, 5.418444633483887, 5.11798095703125, 4.751080513000488, 4.320335865020752, 3.8230738639831543, 3.2707788944244385, 2.6674954891204834, 2.031280517578125, 1.3689765930175781, 0.6976522207260132, 0.03375338762998581, -0.6070324778556824, -1.2090340852737427, -1.7577877044677734, -2.2410314083099365, -2.6530795097351074, -2.987887382507324, -3.2455105781555176, -3.4327263832092285, -3.5542829036712646, -3.6211836338043213, -3.6412270069122314, -3.622220516204834, -3.579265594482422, -3.531033515930176, -3.4690215587615967, -3.418062686920166, -3.3799922466278076, -3.3622353076934814, -3.3633596897125244, -3.3800621032714844, -3.4003212451934814, -3.4157040119171143, -3.4235782623291016, -3.411902904510498, -3.3779261112213135, -3.3196749687194824, -3.192909002304077, -3.02697491645813, -2.7964606285095215, -2.4946112632751465, -2.147653341293335, -1.7268325090408325, -1.2530437707901, -0.7407518029212952, -0.18616892397403717, 0.38450804352760315, 0.9709423184394836, 1.5526930093765259, 2.117608070373535, 2.6772148609161377, 3.18289852142334, 3.6555869579315186, 4.078265190124512, 4.448251724243164, 4.755996227264404, 5.0091471672058105, 5.215374946594238, 5.357921123504639, 5.489794731140137, 5.580820560455322, 5.6465744972229, 5.687311172485352, 5.70863151550293, 5.718863010406494, 5.71786642074585, 5.72213888168335, 5.739531517028809, 5.738234043121338, 5.751303672790527, 5.765692234039307, 5.772326469421387, 5.799380779266357, 5.817475318908691, 5.838216304779053, 5.867000579833984, 5.890355587005615, 5.923137664794922, 5.947489261627197, 5.965219497680664, 5.988951683044434, 5.9955973625183105, 6.0119428634643555, 6.006350517272949, 5.9808669090271, 5.923491954803467, 5.848970890045166, 5.738504409790039, 5.579774856567383, 5.403257369995117, 5.15828275680542, 4.870677947998047, 4.54227352142334, 4.163708686828613, 3.737334966659546, 3.275953531265259, 2.78989315032959, 2.2866907119750977, 1.7789782285690308, 1.278842806816101, 0.800122082233429, 0.35047081112861633, -0.056907474994659424, -0.4152427613735199, -0.7190471291542053, -0.9607895016670227, -1.1459534168243408, -1.2758152484893799, -1.3478879928588867, -1.3764069080352783, -1.361132025718689, -1.3182003498077393, -1.2552039623260498, -1.180282711982727, -1.1060168743133545, -1.03838312625885, -0.9785540103912354, -0.9485787153244019, -0.9343774914741516, -0.9246512651443481, -0.9188872575759888, -0.9144226312637329, -0.9103927612304688, -0.9156201481819153, -0.8961049318313599, -0.8476437926292419, -0.7864983081817627, -0.6831836104393005, -0.5407640933990479, -0.3731442391872406, -0.17048193514347076, 0.07313168048858643, 0.34282630681991577, 0.6463978886604309, 0.9660140872001648, 1.310054063796997, 1.6650859117507935, 2.0058255195617676, 2.3607890605926514, 2.713451385498047, 3.0462937355041504, 3.3829216957092285, 3.7032089233398438, 4.001389026641846, 4.291539192199707, 4.551974773406982, 4.789303779602051, 5.020742893218994, 5.2365851402282715, 5.437369346618652, 5.623157978057861, 5.766479969024658, 5.901369571685791, 6.017838001251221, 6.126577854156494, 6.2087321281433105, 6.271854400634766, 6.336702346801758, 6.381432056427002, 6.4100494384765625, 6.442221164703369, 6.468365669250488, 6.481184005737305, 6.5002121925354, 6.509810447692871, 6.523930072784424, 6.524198532104492, 6.5111823081970215, 6.512070178985596, 6.480563640594482, 6.421488285064697, 6.353903293609619, 6.246303081512451, 6.114720344543457, 5.946060657501221, 5.731287479400635, 5.487773895263672, 5.205581188201904, 4.871094703674316, 4.509707450866699, 4.11531925201416, 3.690302610397339, 3.2636842727661133, 2.8147339820861816, 2.3657398223876953, 1.9204182624816895, 1.48893404006958, 1.0748414993286133, 0.6867603659629822, 0.32809072732925415, 0.014626332558691502, -0.27987754344940186, -0.5321212410926819, -0.7405234575271606, -0.9083084464073181, -1.0398703813552856, -1.1403172016143799, -1.2126212120056152, -1.262510895729065, -1.2968077659606934, -1.3105956315994263, -1.3137578964233398, -1.3079726696014404, -1.2949278354644775, -1.2790107727050781, -1.2564853429794312, -1.2341148853302002, -1.2106162309646606, -1.1886136531829834 ],