{
  "cnttask" : [ 10.3532133102417, 9.239498138427734, 9.0076265335083, 0, 0, 0, 0, 0, 0, 0, 0, 0, 0, 0, 0, 0, 0, 0, 0, 0, 0, 0, 0, 0, 0, 0, 0, 0, 0, 0, 0, 0, 0, 0, 0, 0, 0, 0, 0, 0, 0, 0, 0, 0, 0, 0, 0, 0, 0, 0, 0, 0, 0, 0, 0, 0, 0, 0, 0, 0, 0, 0, 0, 0, 0, 0, 0, 0, 0, 0, 0, 0, 0, 0, 0, 0, 0, 0, 0, 0, 0, 0, 0, 0, 0, 0, 0, 0, 0, 0, 0, 0, 0, 0, 0, 0, 0, 0, 0, 0, 0, 0, 0, 0, 0, 0, 0, 0, 0, 0 ],
  "smoothsum" : [ -4.176083564758301, -4.199835777282715, -4.2017621994018555, -4.1815104484558105, -4.146818161010742, -4.0789408683776855, -3.9891819953918457, -3.8745312690734863, -3.72298002243042, -3.5379459857940674, -3.3122100830078125, -3.0467121601104736, -2.736581802368164, -2.3803930282592773, -1.9793754816055298, -1.532209873199463, -1.029793381690979, -0.49675416946411133, 0.07278642803430557, 0.6812868714332581, 1.324157476425171, 1.9879392385482788, 2.664876699447632, 3.3547682762145996, 4.045136451721191, 4.72614049911499, 5.393126010894775, 6.041496276855469, 6.661678791046143, 7.24131441116333, 7.7742180824279785, 8.260100364685059, 8.700523376464844, 9.083916664123535, 9.4158296585083, 9.700521469116211, 9.92678165435791, 10.102228164672852, 10.233415603637695, 10.313098907470703, 10.3532133102417, 10.342766761779785, 10.261077880859375, 10.129080772399902, 9.934637069702148, 9.667109489440918, 9.31509780883789, 8.87368106842041, 8.349000930786133, 7.735086441040039, 7.03700590133667, 6.2599287033081055, 5.41676664352417, 4.523714542388916, 3.5945181846618652, 2.6471736431121826, 1.7025234699249268, 0.7766450643539429, -0.11222394555807114, -0.9466447234153748, -1.7135210037231445, -2.403916358947754, -3.0086493492126465, -3.5204577445983887, -3.935966968536377, -4.2686896324157715, -4.5315093994140625, -4.724747657775879, -4.8468780517578125, -4.91343355178833, -4.934053897857666, -4.922986030578613, -4.882755279541016, -4.791983604431152, -4.684530735015869, -4.557082653045654, -4.4026594161987305, -4.220876216888428, -4.005682468414307, -3.7551369667053223, -3.4692320823669434, -3.1416361331939697, -2.772223472595215, -2.361309289932251, -1.9065040349960327, -1.4116806983947754, -0.8750811219215393, -0.30602753162384033, 0.2946038842201233, 0.9201847910881042, 1.5617578029632568, 2.212878704071045, 2.8666417598724365, 3.5131263732910156, 4.140967845916748, 4.741522789001465, 5.306027889251709, 5.842884063720703, 6.3416337966918945, 6.793599605560303, 7.199738502502441, 7.560793399810791, 7.875772953033447, 8.150476455688477, 8.382543563842773, 8.581430435180664, 8.748756408691406, 8.886551856994629, 9.003332138061523, 9.09374713897705, 9.161200523376465, 9.211074829101562, 9.23548698425293, 9.239498138427734, 9.209432601928711, 9.154172897338867, 9.054926872253418, 8.916972160339355, 8.717997550964355, 8.466632843017578, 8.148465156555176, 7.773033142089844, 7.324437618255615, 6.81059455871582, 6.2278666496276855, 5.584113121032715, 4.891177654266357, 4.155953407287598, 3.3974809646606445, 2.6238725185394287, 1.8643134832382202, 1.1066083908081055, 0.38343751430511475, -0.29318657517433167, -0.9192190170288086, -1.483644723892212, -1.9814883470535278, -2.4089183807373047, -2.7651796340942383, -3.0560014247894287, -3.28051495552063, -3.449129343032837, -3.580143451690674, -3.668586254119873, -3.7312960624694824, -3.7575156688690186, -3.7760400772094727, -3.77489972114563, -3.7720305919647217, -3.7552993297576904, -3.7361485958099365, -3.7018630504608154, -3.662339687347412, -3.598977565765381, -3.5249648094177246, -3.4176976680755615, -3.275672674179077, -3.1012825965881348, -2.8744425773620605, -2.598647117614746, -2.2678306102752686, -1.892593264579773, -1.4492932558059692, -0.9544299244880676, -0.4070888161659241, 0.19354981184005737, 0.833651602268219, 1.5116578340530396, 2.217982053756714, 2.9382359981536865, 3.658735990524292, 4.364808559417725, 5.045481204986572, 5.703222751617432, 6.323206901550293, 6.89044189453125, 7.396851062774658, 7.838018894195557, 8.212627410888672, 8.517412185668945, 8.74901294708252, 8.914436340332031, 9.000934600830078, 9.0076265335083, 8.940801620483398, 8.80055046081543, 8.577603340148926, 8.297823905944824, 7.953181743621826, 7.5486369132995605, 7.086420059204102, 6.574110984802246, 6.025259971618652, 5.453680992126465, 4.870467662811279, 4.277328014373779, 3.688262939453125, 3.122277021408081, 2.584256172180176, 2.080636739730835, 1.6148946285247803, 1.192931056022644, 0.8198349475860596, 0.48936527967453003, 0.20172664523124695, -0.05514909699559212, -0.2664928436279297, -0.45435625314712524, -0.6173113584518433, -0.7636070847511292, -0.8986478447914124, -1.0171232223510742, -1.1358343362808228, -1.2473552227020264, -1.3525322675704956, -1.4622666835784912, -1.5649057626724243, -1.6533030271530151, -1.7537540197372437, -1.8467127084732056, -1.9393447637557983 ],