{
  "cnttask" : [ 7.386071681976318, 5.495789527893066, 5.9298176765441895, 0, 0, 0, 0, 0, 0, 0, 0, 0, 0, 0, 0, 0, 0, 0, 0, 0, 0, 0, 0, 0, 0, 0, 0, 0, 0, 0, 0, 0, 0, 0, 0, 0, 0, 0, 0, 0, 0, 0, 0, 0, 0, 0, 0, 0, 0, 0, 0, 0, 0, 0, 0, 0, 0, 0, 0, 0, 0, 0, 0, 0, 0, 0, 0, 0, 0, 0, 0, 0, 0, 0, 0, 0, 0, 0, 0, 0 ],
  "smoothsum" : [ -3.600651264190674, -3.5376079082489014, -3.377322196960449, -3.2175331115722656, -3.037492275238037, -2.823805570602417, -2.5685763359069824, -2.2650771141052246, -1.9102026224136353, -1.5000616312026978, -1.0364651679992676, -0.5216966271400452, 0.0400075800716877, 0.6422649025917053, 1.2734253406524658, 1.9157146215438843, 2.586387872695923, 3.2497479915618896, 3.8974294662475586, 4.511502742767334, 5.089509963989258, 5.614998817443848, 6.082124710083008, 6.488778114318848, 6.821282386779785, 7.083663463592529, 7.262226581573486, 7.370608329772949, 7.386071681976318, 7.330092430114746, 7.208506107330322, 7.015655517578125, 6.7703046798706055, 6.419342994689941, 6.021961212158203, 5.585256099700928, 5.116140842437744, 4.620184421539307, 4.105872631072998, 3.5865626335144043, 3.077244520187378, 2.5899498462677, 2.133272171020508, 1.720847249031067, 1.3515950441360474, 1.0319030284881592, 0.7718757390975952, 0.5687791109085083, 0.42427343130111694, 0.33836326003074646, 0.2951781153678894, 0.2947879135608673, 0.32415571808815, 0.3857611417770386, 0.47631558775901794, 0.5964290499687195, 0.7396327257156372, 0.9168820977210999, 1.1172479391098022, 1.3454047441482544, 1.6046597957611084, 1.8990932703018188, 2.2423741817474365, 2.6200993061065674, 2.977341413497925, 3.365652561187744, 3.770172595977783, 4.165709972381592, 4.542032241821289, 4.874666690826416, 5.1540632247924805, 5.357694149017334, 5.472542762756348, 5.495789527893066, 5.416471481323242, 5.2410969734191895, 4.978367328643799, 4.634695529937744, 4.223052501678467, 3.7591638565063477, 3.246157646179199, 2.7164077758789062, 2.181199789047241, 1.6727101802825928, 1.2042967081069946, 0.7896734476089478, 0.43274539709091187, 0.14127688109874725, -0.07350383698940277, -0.22323474287986755, -0.3076895475387573, -0.3357136845588684, -0.32252198457717896, -0.2856443524360657, -0.23731161653995514, -0.12940561771392822, -0.017081204801797867, 0.09353271871805191, 0.212530717253685, 0.3377980887889862, 0.4761061370372772, 0.623518168926239, 0.7920847535133362, 0.988969624042511, 1.2145925760269165, 1.472131371498108, 1.7661621570587158, 2.0943727493286133, 2.450029134750366, 2.8306469917297363, 3.225543975830078, 3.631861686706543, 4.040094375610352, 4.440854072570801, 4.820359706878662, 5.158313751220703, 5.442665100097656, 5.672258377075195, 5.834619522094727, 5.919766426086426, 5.9298176765441895, 5.857170104980469, 5.699201583862305, 5.463379859924316, 5.142739295959473, 4.756390571594238, 4.313493251800537, 3.823392152786255, 3.300241470336914, 2.7492172718048096, 2.180027484893799, 1.6101815700531006, 1.0514966249465942, 0.5100704431533813, -0.007337272632867098, -0.49380260705947876, -0.9397836327552795, -1.3434914350509644, -1.7053364515304565, -2.022216558456421, -2.2962288856506348, -2.530404567718506, -2.726494550704956, -2.8891704082489014, -3.025163412094116, -3.14082670211792, -3.2293176651000977, -3.3006858825683594, -3.360027551651001, -3.4046969413757324, -3.4393093585968018, -3.4684529304504395, -3.4905569553375244, -3.5096633434295654, -3.530941963195801, -3.5408997535705566, -3.549999952316284, -3.5562477111816406, -3.5602474212646484, -3.5667953491210938, -3.572981834411621 ],
  "sum" : [ 6.410370826721191, 6.577868938446045, 6.549156188964844, 6.532405853271484, 6.4079790115356445, 6.6424760818481445, 6.570691108703613, 6.441479206085205, 6.551548004150391, -3.6299118995666504, -5.302495002746582, -5.749952793121338, -6.726223945617676, -6.094519138336182, -6.345767021179199, -5.8504509925842285, -6.608975887298584, -5.697309970855713, -4.067799091339111, -3.663412094116211, -3.8069820404052734, -4.328617095947266, -3.627518892288208, -4.074975967407227, -3.6059839725494385, -3.854836940765381, -4.1778669357299805, -3.455235004425049, -3.4360930919647217, -3.3882369995117188, -2.612962007522583, 0.8853449821472168, 0.2201399952173233, -1.6319060325622559, -2.4813570976257324, -2.701495885848999, 8.745765686035156, 8.109275817871094, 7.841279983520508, 7.834102153778076, 7.8029937744140625, 7.946562767028809, 7.946564197540283, 8.250452995300293, 8.111669540405273, 7.83410120010376, 7.633103847503662, 7.800601959228516, 8.0231351852417, 7.776672840118408, 7.905886173248291, 8.11406135559082, 8.585448265075684, 8.72901725769043, 9.001798629760742, 8.219345092773438, 6.585048198699951, 5.276174068450928, 2.9838500022888184, 1.5792620182037354, -1.8999019861221313, -1.0671989917755127, -1.0863410234451294, -0.2656030058860779, 0.07178500294685364, -1.38783597946167, -0.648455023765564, -0.30628201365470886, -0.4905279874801636, 0.083747997879982, 0.8015959858894348, 0.6173490285873413, 0.0382860004901886, -0.2799600064754486, 0.562313973903656, 1.237089991569519, 1.2658029794692993, 2.000401020050049, 0.9906280040740967, -0.038284000009298325, -0.10528399795293808, -0.33260199427604675, 0.4785650074481964, 2.682353973388672, 2.600999116897583, 4.11086893081665, 3.443272113800049, 3.809372901916504, 5.079961776733398, 6.2261247634887695, 7.0229339599609375, 7.305286884307861, 8.676374435424805, 9.224331855773926, 10.444670677185059, 11.35394287109375, 12.468998908996582, 12.05025577545166, -0.3397800028324127, -1.1581259965896606, -0.6221339702606201, -1.105484962463379, -0.5766710042953491, -1.730010986328125, -1.270588994026184, -1.294517993927002, -1.6941180229187012, -1.4739789962768555, -1.6438690423965454, -2.012363910675049, -1.4787650108337402, -0.5312070250511169, 0.05503400042653084, 1.2801599502563477, 0.6029919981956482, 0.1842470020055771, -0.20817500352859497, 0.15074799954891205, 0.8015949726104736, 2.1104700565338135, 1.5864410400390625, 0.5216349959373474, 0.45463699102401733, -0.6173480153083801, -1.1222339868545532, -0.3637090027332306, 0.13639099895954132, 0.9044870138168335, 1.4333000183105469, 1.8544379472732544, 2.885744094848633, 4.027121067047119, 5.898307800292969, 7.645069122314453, 7.8508501052856445, 7.355535984039307, 7.530212879180908, 7.654640197753906, 7.520640850067139, 6.958327770233154, 6.764509201049805, 7.070790767669678, 6.975078105926514, 7.0229339599609375, 7.025328159332275, 6.276372909545898, 5.644669055938721, 5.020142078399658, 4.3310089111328125, 1.9405790567398071, 0.28953200578689575, -0.6364910006523132, -2.1942191123962402, -2.744565963745117, -2.3712871074676514, -2.3880369663238525, -1.8544379472732544, -0.8949159979820251, -2.660818099975586, -2.7326040267944336, -3.2111690044403076, -3.5533409118652344, -3.2638099193573, -3.4217369556427, -3.6801609992980957, -3.644268035888672, -3.6394829750061035, -3.4265220165252686, -3.428915023803711, -3.6299118995666504, -3.4504499435424805, -3.4360930919647217, -3.5461618900299072, -3.5389840602874756, -3.524627923965454, -3.4959139823913574, -3.6442689895629883, -3.5413780212402344, -3.603590965270996, -3.783052921295166 ],
  "time" : 15.067
}
