{
  "cnttask" : [ 7.360243797302246, 6.732656478881836, 3.5502567291259766, 0, 0, 0, 0, 0, 0, 0, 0, 0, 0, 0, 0, 0, 0, 0, 0, 0, 0, 0, 0, 0, 0, 0, 0, 0, 0, 0, 0, 0, 0, 0, 0, 0, 0, 0, 0, 0, 0, 0, 0, 0, 0, 0, 0, 0, 0, 0, 0, 0, 0, 0, 0, 0, 0, 0, 0, 0, 0, 0, 0, 0, 0, 0, 0, 0, 0, 0 ],
  "smoothsum" : [ -2.5722880363464355, -2.4208121299743652, -2.2555575370788574, -2.069692373275757, -1.8602969646453857, -1.6263554096221924, -1.3573217391967773, -1.0536667108535767, -0.7131950855255127, -0.32862380146980286, 0.10124083608388901, 0.5743219256401062, 1.0921131372451782, 1.6469497680664062, 2.230806350708008, 2.8308026790618896, 3.461585283279419, 4.091015815734863, 4.7037200927734375, 5.281033992767334, 5.824187278747559, 6.311365604400635, 6.718036651611328, 7.036238670349121, 7.250643253326416, 7.360243797302246, 7.3593339920043945, 7.240734577178955, 7.01212215423584, 6.676455020904541, 6.243502140045166, 5.733334541320801, 5.153751373291016, 4.530512809753418, 3.8775742053985596, 3.22367000579834, 2.5748372077941895, 1.9581334590911865, 1.3948191404342651, 0.8993507623672485, 0.4734080731868744, 0.12082505971193314, -0.1447521597146988, -0.33816707134246826, -0.453553706407547, -0.5043619275093079, -0.49192461371421814, -0.4338685870170593, -0.3344290554523468, -0.1998426765203476, -0.03774219751358032, 0.13741037249565125, 0.32563790678977966, 0.5382486581802368, 0.7738742828369141, 1.027764081954956, 1.3017436265945435, 1.6067875623703003, 1.9449903964996338, 2.320417881011963, 2.7276711463928223, 3.1732594966888428, 3.6381547451019287, 4.114068984985352, 4.59324836730957, 5.0666680335998535, 5.5066328048706055, 5.911345958709717, 6.255525588989258, 6.509138584136963, 6.6712117195129395, 6.732656478881836, 6.686410903930664, 6.532858371734619, 6.2784881591796875, 5.919718265533447, 5.477457523345947, 4.95731782913208, 4.387139797210693, 3.787384271621704, 3.1710216999053955, 2.563159227371216, 1.978569507598877, 1.433066725730896, 0.9329351782798767, 0.48886680603027344, 0.11881974339485168, -0.19596289098262787, -0.4490209221839905, -0.6383347511291504, -0.7806460857391357, -0.8758597373962402, -0.9366501569747925, -0.9741620421409607, -0.9867691993713379, -0.9831034541130066, -0.9673998355865479, -0.9265316724777222, -0.8657116293907166, -0.784938633441925, -0.6618707180023193, -0.5049448609352112, -0.3032647371292114, -0.04152274131774902, 0.27532634139060974, 0.5958179831504822, 0.9695838093757629, 1.3760911226272583, 1.796603798866272, 2.210581064224243, 2.594569444656372, 2.9341983795166016, 3.2101128101348877, 3.411435127258301, 3.526311159133911, 3.5502567291259766, 3.4724020957946777, 3.288593053817749, 3.024808883666992, 2.684687376022339, 2.2771389484405518, 1.8240584135055542, 1.3379987478256226, 0.8380149602890015, 0.3470615744590759, -0.11881548166275024, -0.535129725933075, -0.9046268463134766, -1.230573058128357, -1.5008203983306885, -1.7154008150100708, -1.88189697265625, -2.0031847953796387, -2.089097261428833, -2.1567893028259277, -2.2256336212158203, -2.2298851013183594, -2.233447551727295, -2.2370986938476562, -2.240344762802124, -2.24364972114563 ],
  "sum" : [ -1.9142580032348633, -1.8472590446472168, -1.7467600107192993, -2.163111925125122, -4.271187782287598, -6.740581035614014, -8.891729354858398, -8.367700576782227, -8.260024070739746, -7.585247993469238, -7.391429901123047, -8.35573673248291, -6.144769191741943, -4.742574214935303, -3.6059839725494385, -3.326024055480957, -2.9407799243927, -3.1465609073638916, -3.0771689414978027, -2.7182459831237793, -3.9457650184631348, -4.275973796844482, -3.653839111328125, -3.9864420890808105, -3.342772960662842, -1.9214359521865845, -0.5838490128517151, 0.6436690092086792, 0.28953099250793457, -1.3950159549713135, -1.3998010158538818, -1.7611169815063477, -0.36849498748779297, -0.05264199897646904, 1.4548360109329224, 2.8498520851135254, 4.017549991607666, 5.6039910316467285, 6.979864120483398, 7.606782913208008, 8.980262756347656, 9.308079719543457, 9.001799583435059, 9.320045471191406, 9.525826454162598, 9.324830055236816, 9.92782211303711, 10.078568458557129, 10.284351348876953, 10.255638122558594, 9.360721588134766, 7.4273200035095215, 5.221138000488281, 2.6177480220794678, 2.225325107574463, 1.3998010158538818, -0.6317049860954285, -1.217947006225586, -1.9357939958572388, -1.907080054283142, -2.9551360607147217, -3.4648070335388184, -3.3236310482025146, -2.2061820030212402, -2.4406790733337402, -0.3852440118789673, -0.41635099053382874, 0.519241988658905, 0.519241988658905, 2.021934986114502, -0.0813559964299202, 0.47377899289131165, 1.4452650547027588, 2.117647886276245, 1.5050849914550781, 0.02632099948823452, 0.37328100204467773, -1.0983049869537354, -0.4618139863014221, -0.318244993686676, 2.0099709033966064, 2.6081769466400146, 3.6466610431671143, 4.996212959289551, 5.501099109649658, 5.879165172576904, 6.252446174621582, 7.755136966705322, 9.956535339355469, 10.045069694519043, 9.990035057067871, 9.879964828491211, 9.583253860473633, 9.90389347076416, 9.719646453857422, 9.559325218200684, 8.477770805358887, 5.003392219543457, 3.2327029705047607, 1.9286149740219116, 0.31106698513031006, -1.328016996383667, -1.6223340034484863, -3.847659111022949, -2.947957992553711, -2.210968017578125, -2.2277169227600098, -0.045464999973773956, 0.48574298620224, -0.18663999438285828, -0.43549400568008423, -0.9954140186309814, -1.3543380498886108, -0.926023006439209, -1.3088730573654175, -1.0336999893188477, -1.2753750085830688, -1.3758740425109863, -1.4931219816207886, -0.19381900131702423, 1.866400957107544, -0.6604189872741699, -1.9166510105133057, -1.9142580032348633, -2.9527440071105957, -2.1032919883728027, -1.081555962562561, -0.6580269932746887, -0.318244993686676, 1.2466599941253662, 3.067599058151245, 7.075575828552246, 8.666802406311035, 9.358329772949219, 9.95174789428711, 9.164510726928711, 8.24806022644043, 8.283950805664062, 9.016156196594238, -2.0721840858459473, -2.1367900371551514, -2.096112012863159, -2.13918399810791, -2.1343979835510254, -2.1487538814544678, -2.172683000564575, -2.170289993286133, -2.13918399810791, -2.3425729274749756, -2.208575963973999, -2.266002893447876, -2.2372889518737793, -2.2468600273132324, -2.2827529907226562, -2.1678969860076904, -2.3042869567871094, -2.129611015319824, -2.069791078567505, -2.0315070152282715, -2.7254250049591064 ],
  "time" : 14.163
}
