{
  "cnttask" : [ 5.2915191650390625, 4.178155422210693, 1.0246042013168335, 1.6289962530136108, 0, 0, 0, 0, 0, 0, 0, 0, 0, 0, 0, 0, 0, 0, 0, 0, 0, 0, 0, 0, 0, 0, 0, 0, 0, 0, 0, 0, 0, 0, 0, 0, 0, 0, 0, 0, 0, 0, 0, 0, 0, 0, 0, 0, 0, 0, 0, 0, 0, 0, 0, 0, 0, 0, 0, 0, 0, 0, 0, 0, 0, 0, 0, 0, 0, 0, 0, 0, 0, 0, 0, 0, 0, 0, 0, 0 ],
  "smoothsum" : [ -5.851999282836914, -5.641665458679199, -5.425064563751221, -5.2051849365234375, -4.9750165939331055, -4.7425456047058105, -4.512045383453369, -4.278317451477051, -4.039905071258545, -3.7935705184936523, -3.5365169048309326, -3.2731802463531494, -2.9997329711914062, -2.722567081451416, -2.435228109359741, -2.1396679878234863, -1.79473876953125, -1.433389663696289, -1.0586156845092773, -0.6633541584014893, -0.24005261063575745, 0.20880402624607086, 0.684165358543396, 1.1834386587142944, 1.692061185836792, 2.206878900527954, 2.7071568965911865, 3.202029228210449, 3.674959659576416, 4.110293388366699, 4.482086658477783, 4.791332244873047, 5.0356764793396, 5.203566074371338, 5.2915191650390625, 5.280125617980957, 5.191882610321045, 5.033997058868408, 4.795716762542725, 4.495769500732422, 4.146273136138916, 3.7659971714019775, 3.3578579425811768, 2.944896936416626, 2.552488327026367, 2.1883363723754883, 1.8377821445465088, 1.520776629447937, 1.2464756965637207, 1.028486728668213, 0.8522889614105225, 0.7093282341957092, 0.5994239449501038, 0.5157391428947449, 0.45619791746139526, 0.4169560372829437, 0.3848896622657776, 0.371030330657959, 0.3695049583911896, 0.38140586018562317, 0.39991721510887146, 0.4536793529987335, 0.5396807789802551, 0.6607986688613892, 0.8193244338035583, 1.0205814838409424, 1.2666505575180054, 1.5435746908187866, 1.8492361307144165, 2.1876087188720703, 2.540415048599243, 2.8965981006622314, 3.2254691123962402, 3.5353877544403076, 3.798632860183716, 3.9976344108581543, 4.119173526763916, 4.178155422210693, 4.17274808883667, 4.088999271392822, 3.9184014797210693, 3.6936545372009277, 3.429476737976074, 3.1345560550689697, 2.822680711746216, 2.5004734992980957, 2.1891121864318848, 1.9096670150756836, 1.6588282585144043, 1.4439266920089722, 1.273231863975525, 1.1535841226577759, 1.0650304555892944, 1.0101255178451538, 0.9885135889053345, 0.9873647093772888, 0.9933344721794128, 1.0087831020355225, 1.0211409330368042, 1.0246042013168335, 1.017506718635559, 1.0037533044815063, 0.985863983631134, 0.9736860990524292, 0.966930091381073, 0.95270836353302, 0.955289363861084, 0.9708828926086426, 1.004434585571289, 1.0449187755584717, 1.0994672775268555, 1.1780098676681519, 1.2608243227005005, 1.342214584350586, 1.4210313558578491, 1.4939101934432983, 1.5587382316589355, 1.6035544872283936, 1.624334454536438, 1.6289962530136108, 1.6139678955078125, 1.5776646137237549, 1.5232397317886353, 1.4560312032699585, 1.376362919807434, 1.2817785739898682, 1.1813340187072754, 1.081159234046936, 0.977977454662323, 0.8777925372123718, 0.7772737145423889, 0.6813239455223083, 0.5840050578117371, 0.48191091418266296, 0.3762691915035248, 0.26324495673179626, 0.1638786345720291, 0.057512443512678146, -0.051300495862960815, -0.16377303004264832, -0.2772800028324127, -0.3921196162700653, -0.5070419311523438, -0.6196112632751465, -0.7311539649963379, -0.8397066593170166, -0.9403960108757019, -1.0377106666564941, -1.1308704614639282, -1.2192000150680542, -1.3033448457717896, -1.3820358514785767, -1.4572194814682007, -1.5298696756362915, -1.600326657295227, -1.6649774312973022, -1.7204937934875488, -1.7717959880828857, -1.82442307472229, -1.8716996908187866, -1.9181220531463623 ],
  "sum" : [ -3.577270030975342, -3.445664882659912, -3.591628074645996, -3.531805992126465, -3.534198045730591, -3.414557933807373, -3.4887349605560303, -3.512662887573242, -3.5413780212402344, -3.5988049507141113, -3.479163885116577, -3.9242289066314697, -2.5268208980560303, -2.9048869609832764, -2.6823549270629883, -3.306879997253418, -1.7659029960632324, -4.795216083526611, -7.934599876403809, -9.89432144165039, -8.918049812316895, -7.896315097808838, -6.168696880340576, -4.962714195251465, -4.448256969451904, -4.3549370765686035, -4.498507022857666, -3.1848459243774414, -2.8737800121307373, -1.9501500129699707, -3.4049859046936035, -3.8285160064697266, -2.9216361045837402, -1.282554030418396, -2.0937209129333496, -3.9529430866241455, -3.469593048095703, -2.8594229221343994, -0.8398799896240234, 0.0813559964299202, -0.11485599726438522, 0.12681899964809418, 0.37328100204467773, 1.0743769407272339, 2.2444679737091064, 2.435894012451172, 3.306881904602051, 2.9647059440612793, 4.211368083953857, 5.572885036468506, 6.738190174102783, 8.063812255859375, 7.324429988861084, 7.695318222045898, 8.705087661743164, 8.441877365112305, 8.118846893310547, 7.520639896392822, 6.400801181793213, 5.230710029602051, 2.6105690002441406, 2.062613010406494, 1.8472590446472168, 2.3952159881591797, 0.9738789796829224, -0.33499500155448914, -1.3375879526138306, -1.0121649503707886, -0.3828519880771637, -1.9094719886779785, 0.1818549931049347, 2.045862913131714, 0.3828519880771637, 0.1627119928598404, 0.318244993686676, 2.0434699058532715, 0.3014949858188629, 0.8183460235595703, 2.3688950538635254, 4.113263130187988, 0.16989000141620636, -1.782654047012329, -2.096112012863159, -1.2801599502563477, -1.5601199865341187, -1.6869410276412964, -1.3782650232315063, -0.602990984916687, 1.3256239891052246, 3.349951982498169, 3.311666965484619, 4.015157222747803, 5.077569007873535, 5.898307800292969, 5.178068161010742, 7.391427993774414, 7.802995204925537, 7.396214962005615, 7.274180889129639, 7.568498134613037, 5.419743061065674, 4.067798137664795, 3.438486099243164, 2.1104700565338135, 0.811165988445282, 0.4402790069580078, -1.3040889501571655, -1.339980959892273, -1.4572290182113647, -0.9236299991607666, 0.1411760002374649, 0.4426720142364502, 2.598604917526245, 2.445465087890625, -0.31106698513031006, 0.30628201365470886, 1.5840489864349365, 1.950150966644287, 2.1272199153900146, 1.4907280206680298, 2.5196421146392822, 3.373879909515381, 1.988435983657837, 0.7800599932670593, 0.3206380009651184, -0.30867400765419006, -1.3112670183181763, -1.8903299570083618, -1.1126619577407837, -0.2608180046081543, 0.648455023765564, 1.5338000059127808, 1.8831510543823242, 2.493320941925049, 2.2851459980010986, 2.5962119102478027, 3.692125082015991, 4.218545913696289, 4.718647003173828, 0.7154539823532104, 1.0983049869537354, 0.849452018737793, 0.7800599932670593, 0.7824519872665405, 0.8039889931678772, 0.8685939908027649, 0.7298099994659424, 0.8470590114593506, 0.8207389712333679, 0.973878026008606, 0.8111670017242432, 0.765703022480011, 0.7441679835319519, 0.8781660199165344, 0.6963109970092773, 0.7513459920883179, 0.7561320066452026, 0.5503489971160889, -0.41156500577926636, -1.684546947479248, -1.7659029960632324, -0.887736976146698, -0.9164509773254395, -0.41395801305770874, -0.401993989944458, -0.27517399191856384, -0.8805580139160156, -1.172482967376709, -1.2275179624557495, -1.3663020133972168, -1.4572290182113647, -1.5720850229263306, -1.5960129499435425, -1.945363998413086, -1.9286149740219116, -2.158324956893921, -2.2588250637054443, -2.196610927581787, -2.263611078262329, -2.1607189178466797 ],
  "time" : 15.769
}
