{
  "cnttask" : [ 7.752367973327637, 4.2534871101379395, 8.455909729003906, 0, 0, 0, 0, 0, 0, 0, 0, 0, 0, 0, 0, 0, 0, 0, 0, 0, 0, 0, 0, 0, 0, 0, 0, 0, 0, 0, 0, 0, 0, 0, 0, 0, 0, 0, 0, 0, 0, 0, 0, 0, 0, 0, 0, 0, 0, 0, 0, 0, 0, 0, 0, 0, 0, 0, 0, 0, 0, 0, 0, 0, 0, 0, 0, 0, 0, 0, 0, 0, 0, 0, 0, 0, 0, 0, 0, 0 ],
  "smoothsum" : [ -3.41477108001709, -3.362065553665161, -3.2929484844207764, -3.217193603515625, -3.1219661235809326, -3.0175325870513916, -2.8877735137939453, -2.736733913421631, -2.561276435852051, -2.3526673316955566, -2.106490135192871, -1.8175605535507202, -1.4842959642410278, -1.1062179803848267, -0.6787402033805847, -0.20365498960018158, 0.3211192786693573, 0.8925731778144836, 1.4929739236831665, 2.116407871246338, 2.761934280395508, 3.421308994293213, 4.081780910491943, 4.728736400604248, 5.3483076095581055, 5.930084705352783, 6.449441432952881, 6.885138511657715, 7.2456231117248535, 7.518995761871338, 7.691134929656982, 7.752367973327637, 7.698122024536133, 7.525144100189209, 7.252716064453125, 6.8792948722839355, 6.430606365203857, 5.90383768081665, 5.331573009490967, 4.723724365234375, 4.100931644439697, 3.480980157852173, 2.8935203552246094, 2.357696294784546, 1.8784468173980713, 1.4592854976654053, 1.1046842336654663, 0.8281248211860657, 0.6271350979804993, 0.4927535355091095, 0.42024537920951843, 0.3827083706855774, 0.3752538859844208, 0.38455596566200256, 0.4090155363082886, 0.43595314025878906, 0.45758163928985596, 0.4789108633995056, 0.4985734522342682, 0.5295490026473999, 0.5668914914131165, 0.6245648860931396, 0.711061954498291, 0.8403754234313965, 1.0241503715515137, 1.2507169246673584, 1.519518494606018, 1.8301911354064941, 2.1789498329162598, 2.540403366088867, 2.9107205867767334, 3.269545316696167, 3.6019718647003174, 3.8804867267608643, 4.0842084884643555, 4.2110595703125, 4.2534871101379395, 4.20820426940918, 4.068263053894043, 3.8417670726776123, 3.5453739166259766, 3.1835458278656006, 2.78798508644104, 2.357928991317749, 1.9218614101409912, 1.4925166368484497, 1.0883985757827759, 0.7217370271682739, 0.44479337334632874, 0.2251744121313095, 0.07310640066862106, -0.0024347288999706507, 0.009379812516272068, 0.10569237917661667, 0.28012004494667053, 0.5255834460258484, 0.8418002724647522, 1.2235798835754395, 1.653314232826233, 2.121678590774536, 2.6214802265167236, 3.14067006111145, 3.6724705696105957, 4.204758644104004, 4.725832462310791, 5.22861909866333, 5.7036919593811035, 6.148279190063477, 6.557435512542725, 6.92671012878418, 7.252045631408691, 7.528396129608154, 7.758062839508057, 7.9412970542907715, 8.095179557800293, 8.222918510437012, 8.32393741607666, 8.398475646972656, 8.454845428466797, 8.455909729003906, 8.444612503051758, 8.392167091369629, 8.310120582580566, 8.186256408691406, 8.020780563354492, 7.800200939178467, 7.514384746551514, 7.166945457458496, 6.763875961303711, 6.306581974029541, 5.797445774078369, 5.2539825439453125, 4.688644886016846, 4.108132362365723, 3.5269527435302734, 2.95841908454895, 2.4164655208587646, 1.910158634185791, 1.445999264717102, 1.0307238101959229, 0.6694035530090332, 0.3636455237865448, 0.11246362328529358, -0.08866345882415771, -0.24382556974887848, -0.36376696825027466, -0.456886887550354, -0.5383190512657166, -0.6081641316413879, -0.6685274243354797, -0.7270066142082214, -0.7947021722793579, -0.8502887487411499, -0.9114828109741211, -0.97463458776474, -1.0489399433135986, -1.1259843111038208, -1.1970995664596558, -1.2650402784347534, -1.3356941938400269, -1.4061481952667236 ],
  "sum" : [ 6.474977970123291, 5.998805999755859, 7.475177764892578, 7.994421005249023, 5.584847927093506, 4.484149932861328, 0.8303099870681763, -2.1487550735473633, -4.398007869720459, -4.867002010345459, -4.77128791809082, -4.3884358406066895, -4.4889349937438965, -4.563111782073975, -4.66839599609375, -4.323831081390381, -4.029512882232666, -2.787637948989868, -2.438286066055298, -2.1607189178466797, -4.299901962280273, -3.8955140113830566, -3.357131004333496, -3.9146580696105957, -4.25204610824585, -4.206582069396973, -4.108476161956787, -3.649055004119873, -3.5940189361572266, -2.225325107574463, 1.5338000059127808, -0.7082750201225281, -1.3974080085754395, -3.3212380409240723, -3.261418104171753, -2.8259239196777344, -1.517048954963684, -1.115054965019226, 1.2107679843902588, 1.8352949619293213, 4.539184093475342, 5.802595138549805, 6.360123157501221, 7.226325035095215, 7.709674835205078, 8.099703788757324, 7.975277900695801, 7.5732831954956055, 8.408378601074219, 9.872787475585938, 10.48056411743164, 10.564311981201172, 10.341779708862305, 10.229316711425781, 10.281959533691406, 10.394420623779297, 9.858429908752441, 8.070990562438965, 5.816950798034668, 3.4815568923950195, 0.41395899653434753, -0.6580259799957275, -1.907080054283142, -0.7082750201225281, -1.4811580181121826, -1.3399800062179565, -1.7036900520324707, -2.5507490634918213, -1.6701890230178833, -1.0360920429229736, 0.6317049860954285, 0.7202399969100952, 2.6105690002441406, 1.9716869592666626, 1.7587239742279053, 0.8901299834251404, 2.400001049041748, 3.9218358993530273, 2.7421751022338867, 0.634099006652832, -1.450050950050354, -1.6462620496749878, -1.7659029960632324, -2.2085750102996826, -1.0671989917755127, -2.3976080417633057, -1.4093719720840454, -0.30867400765419006, 2.210968017578125, 3.6634109020233154, 4.213759899139404, 4.71146821975708, 5.77627420425415, 7.5589280128479, 8.640482902526855, 8.204987525939941, 8.030312538146973, 8.135597229003906, 8.2815580368042, 6.348158836364746, 3.5413780212402344, 2.59142804145813, 1.3686950206756592, -0.2249249964952469, -1.3567299842834473, -2.0985050201416016, -2.4023940563201904, -1.8472590446472168, -1.5385839939117432, -1.0408769845962524, -0.9667009711265564, -0.9403790235519409, -1.0145570039749146, -0.8183460235595703, 0.11964099854230881, 0.4881359934806824, 1.0384860038757324, -0.5862410068511963, -0.435494989156723, 0.2201399952173233, 0.6077769994735718, 0.007178000174462795, 7.956134796142578, 7.59242582321167, 7.716853141784668, 7.719245910644531, 7.953742027282715, 8.054241180419922, 8.011170387268066, 8.169095993041992, 8.183453559875488, 8.188239097595215, 8.372486114501953, 8.372486114501953, 8.437092781066895, 8.267202377319336, 8.772089004516602, 8.796015739440918, 8.800801277160645, 8.652446746826172, 8.283951759338379, 8.365307807922363, 8.606983184814453, 8.685946464538574, 8.666804313659668, 8.57348346710205, 8.37727165222168, 8.173881530761719, 8.566304206848145, 10.12403392791748, 10.368099212646484, 8.37727165222168, 5.134995937347412, 2.464607000350952, 1.4691929817199707, -3.2997028827667236, -3.656233072280884, -3.6562321186065674, -1.4117649793624878, -0.4594230055809021, -0.6915259957313538, -0.28713899850845337, 0.7872400283813477, 1.083948016166687, -0.1986050009727478, -0.004786000121384859, 0.14835500717163086, -0.21056799590587616, -0.6532419919967651, -0.8422729969024658, -0.602990984916687, -0.8446670174598694, -1.1437699794769287, -1.2418750524520874, -1.2610169649124146, -1.3351960182189941, -1.4739789962768555, -1.9477570056915283, -2.088932991027832, -2.141576051712036 ],
  "time" : 15.845
}
