{
  "cnttask" : [ 7.003618240356445, 7.287437438964844, 6.185984134674072, 0, 0, 0, 0, 0, 0, 0, 0, 0, 0, 0, 0, 0, 0, 0, 0, 0, 0, 0, 0, 0, 0, 0, 0, 0, 0, 0, 0, 0, 0, 0, 0, 0, 0, 0, 0, 0, 0, 0, 0, 0, 0, 0, 0, 0, 0, 0, 0, 0, 0, 0, 0, 0, 0, 0, 0, 0, 0, 0, 0, 0, 0, 0, 0, 0, 0, 0, 0, 0, 0, 0, 0, 0, 0, 0, 0, 0, 0, 0, 0, 0, 0, 0, 0, 0, 0, 0 ],
  "smoothsum" : [ -3.474327325820923, -3.3582558631896973, -3.225142478942871, -3.0751795768737793, -2.9053595066070557, -2.7048563957214355, -2.483755111694336, -2.2323474884033203, -1.9413005113601685, -1.6126471757888794, -1.2439157962799072, -0.8235430121421814, -0.3614833950996399, 0.140071302652359, 0.6758253574371338, 1.2386491298675537, 1.8513340950012207, 2.4784364700317383, 3.104691982269287, 3.725478172302246, 4.3301825523376465, 4.902987957000732, 5.439402103424072, 5.911602973937988, 6.316340923309326, 6.630640506744385, 6.8514275550842285, 6.975832462310791, 7.003618240356445, 6.929446220397949, 6.751389980316162, 6.481839656829834, 6.129696369171143, 5.703694820404053, 5.228270530700684, 4.726882457733154, 4.190104961395264, 3.652348041534424, 3.1270875930786133, 2.629164695739746, 2.170334815979004, 1.7609915733337402, 1.400511622428894, 1.1025103330612183, 0.8686725497245789, 0.6910029649734497, 0.5675560235977173, 0.4876652956008911, 0.44886910915374756, 0.4478113651275635, 0.4773034453392029, 0.5297279357910156, 0.5999923944473267, 0.677315354347229, 0.7781825065612793, 0.887502133846283, 1.0099680423736572, 1.145367980003357, 1.3060050010681152, 1.4834856986999512, 1.689500331878662, 1.9224108457565308, 2.182480573654175, 2.4792351722717285, 2.8145389556884766, 3.1735236644744873, 3.5469672679901123, 3.952895164489746, 4.381117343902588, 4.820528030395508, 5.25178337097168, 5.671672344207764, 6.066112041473389, 6.4297871589660645, 6.744081497192383, 6.991220474243164, 7.174842834472656, 7.274420738220215, 7.287437438964844, 7.20702600479126, 7.039373874664307, 6.780335903167725, 6.434701919555664, 6.030635833740234, 5.576008319854736, 5.07660436630249, 4.556972026824951, 4.037659645080566, 3.5332469940185547, 3.063163995742798, 2.644463062286377, 2.2849998474121094, 1.99150812625885, 1.7617888450622559, 1.596429467201233, 1.4931129217147827, 1.4597723484039307, 1.4794291257858276, 1.5343550443649292, 1.6112000942230225, 1.6982852220535278, 1.7898765802383423, 1.8745940923690796, 1.9543317556381226, 2.0170950889587402, 2.0665230751037598, 2.1196649074554443, 2.157036781311035, 2.2007546424865723, 2.258340835571289, 2.3390696048736572, 2.452587366104126, 2.6003613471984863, 2.7945375442504883, 3.0235140323638916, 3.295154094696045, 3.61871337890625, 3.9858975410461426, 4.334798336029053, 4.705601215362549, 5.072624206542969, 5.413806915283203, 5.709006309509277, 5.9414801597595215, 6.104368209838867, 6.185984134674072, 6.177205562591553, 6.068091869354248, 5.863678455352783, 5.5706024169921875, 5.197302341461182, 4.757596969604492, 4.265854358673096, 3.7409868240356445, 3.196455955505371, 2.648801565170288, 2.1159465312957764, 1.600710391998291, 1.1319353580474854, 0.7128158807754517, 0.3478270173072815, 0.0421048104763031, -0.21036647260189056, -0.40409189462661743, -0.5462524890899658, -0.6454391479492188, -0.7132565379142761, -0.7647602558135986, -0.8090479373931885, -0.7978507876396179, -0.7878548502922058, -0.7814834713935852, -0.7745963335037231, -0.7693251371383667, -0.7657883167266846, -0.7632356286048889, -0.7639176845550537, -0.7651747465133667, -0.7694709897041321, -0.77644282579422, -0.7859495282173157, -0.7977988719940186, -0.8124868273735046, -0.8308663964271545, -0.8523331880569458, -0.8782796263694763, -0.9023078083992004, -0.9316725730895996, -0.9646470546722412, -1.00078547000885, -1.0393235683441162, -1.079289436340332, -1.1216715574264526, -1.1642740964889526, -1.2078804969787598, -1.2516958713531494, -1.295218586921692, -1.337167739868164, -1.3775582313537598, -1.418544888496399, -1.4624968767166138 ],
  "sum" : [ -4.034297943115234, -3.897908926010132, -3.7567319869995117, -4.364509105682373, -4.625326156616211, -4.383649826049805, -4.158726215362549, -4.232903003692627, -4.0438690185546875, -3.699302911758423, -3.9385859966278076, -4.543971061706543, -4.462615013122559, -4.144369125366211, -3.871587038040161, -4.194618225097656, -3.783052921295166, -4.065404891967773, -3.8931219577789307, -4.113263130187988, -3.9457650184631348, -4.01754903793335, -3.933799982070923, -4.182653903961182, -4.022335052490234, -4.199403762817383, -3.9864420890808105, -3.0771710872650146, -0.6915249824523926, 0.7106680274009705, -1.2323039770126343, -2.115255117416382, -2.868994951248169, -1.3782650232315063, -0.28953200578689575, 0.29431799054145813, 1.6965110301971436, 2.926422119140625, 4.144369125366211, 6.467798233032227, 6.262016773223877, 6.56112003326416, 7.709674835205078, 7.745565891265869, 7.609176158905029, 9.511469841003418, 9.497112274169922, 9.375079154968262, 9.219545364379883, 9.446864128112793, 10.229315757751465, 10.092926025390625, 8.02074146270752, 6.9320068359375, 5.498706817626953, 3.617948055267334, 3.067599058151245, -0.16989099979400635, -0.591027021408081, -1.0983070135116577, -0.18663999438285828, -1.1054840087890625, -0.16989099979400635, -0.49531400203704834, -0.1818549931049347, 0.49052900075912476, -9.999999974752427E-7, -0.8255230188369751, 0.15553399920463562, 2.7637100219726562, 1.1270190477371216, 0.5335990190505981, 0.057427000254392624, 0.7824519872665405, 0.4977070093154907, 0.1603190004825592, 0.4881350100040436, 1.1653050184249878, 1.9549360275268555, 1.27298104763031, 1.2849459648132324, 1.0911279916763306, 1.4213370084762573, 1.1270190477371216, 2.203788995742798, 2.9982070922851562, 3.376271963119507, 3.5653059482574463, 4.57986307144165, 4.910070896148682, 5.436492919921875, 6.680760860443115, 7.817351818084717, 8.157133102416992, 8.7385892868042, 8.84626579284668, 8.872586250305176, 9.456435203552246, 9.90389347076416, 9.128617286682129, 8.879766464233398, 9.334400177001953, 9.930214881896973, 9.43489933013916, 7.374680042266846, 5.247459888458252, 2.2253260612487793, 1.3471590280532837, -0.014356999658048153, -1.808974027633667, -1.3375879526138306, -1.885543942451477, -1.4237300157546997, -0.8781650066375732, 0.2967100143432617, 1.03609299659729, 0.7010970115661621, 3.2901320457458496, 4.07258415222168, 2.890531063079834, 1.9692929983139038, 1.62233304977417, 1.5792629718780518, 2.538784980773926, 3.7112679481506348, 4.5320048332214355, 4.409972190856934, 2.445465087890625, 0.8374879956245422, -0.45224300026893616, 0.5264210104942322, 0.9092720150947571, 1.0193419456481934, 1.5840489864349365, 1.8352940082550049, 2.1439690589904785, 2.199004888534546, 3.0245280265808105, 4.0199432373046875, 4.996212959289551, 7.867599964141846, 7.077970027923584, 7.451251029968262, 8.104490280151367, 8.580662727355957, 9.78425121307373, 9.305686950683594, 8.9970121383667, 8.817551612854004, 8.913264274597168, 9.77946662902832, 10.05703353881836, -0.8183450102806091, -0.7609170079231262, -0.8111670017242432, -0.7441679835319519, -0.6675969958305359, -0.7872400283813477, -0.8063809871673584, -0.6436700224876404, -0.9978070259094238, -0.9451640248298645, -0.9451640248298645, -1.124627947807312, -1.0576280355453491, -0.9930229783058167, -0.9762719869613647, -0.8087739944458008, -0.7872380018234253, -0.8207380175590515, -0.55035001039505, -0.5192430019378662, -0.48335000872612, -0.5216349959373474, -0.6675969958305359, -0.562313973903656, -0.8111670017242432, -0.8350949883460999, -0.9236299991607666, -1.0025930404663086, -1.1509480476379395, -1.1365909576416016, -0.7633100152015686, -0.24167500436306, -0.3206380009651184, -1.0576280355453491, -0.7896310091018677, -0.8279160261154175, -1.0121649503707886, -0.8709880113601685, -0.926023006439209, -0.9308080077171326, -1.0552359819412231, -1.1796610355377197, -1.4859429597854614, -1.5146570205688477, -1.6127630472183228, -1.8903299570083618, -1.8017950057983398, -2.0267210006713867 ],
  "time" : 18.538
}
