{
  "cnttask" : [ 7.643070220947266, 6.1606879234313965, 4.41989278793335, 0, 0, 0, 0, 0, 0, 0, 0, 0, 0, 0, 0, 0, 0, 0, 0, 0, 0, 0, 0, 0, 0, 0, 0, 0, 0, 0, 0, 0, 0, 0, 0, 0, 0, 0, 0, 0, 0, 0, 0, 0, 0, 0, 0, 0, 0, 0, 0, 0, 0, 0, 0, 0, 0, 0, 0, 0, 0, 0, 0, 0, 0, 0, 0, 0, 0, 0, 0, 0, 0, 0, 0, 0, 0, 0, 0, 0 ],
  "smoothsum" : [ -2.128512382507324, -2.066110849380493, -2.0007247924804688, -1.9420832395553589, -1.8853477239608765, -1.8303583860397339, -1.7732363939285278, -1.7029552459716797, -1.629245400428772, -1.5495595932006836, -1.4633660316467285, -1.3654041290283203, -1.257068157196045, -1.1320006847381592, -0.9824417233467102, -0.8081873655319214, -0.6006790399551392, -0.34985318779945374, -0.06748037040233612, 0.24753910303115845, 0.6033992767333984, 0.9939737319946289, 1.4229214191436768, 1.8865591287612915, 2.3783915042877197, 2.8914778232574463, 3.4187066555023193, 3.9469988346099854, 4.471063613891602, 4.981340408325195, 5.4667510986328125, 5.922679901123047, 6.331250190734863, 6.689932346343994, 7.000927925109863, 7.257580280303955, 7.454768180847168, 7.587822437286377, 7.643070220947266, 7.63760232925415, 7.5627827644348145, 7.420357704162598, 7.2148332595825195, 6.952029705047607, 6.633505344390869, 6.254246234893799, 5.828633785247803, 5.355035305023193, 4.846432209014893, 4.314876556396484, 3.7696967124938965, 3.212024688720703, 2.664011240005493, 2.1353538036346436, 1.6298712491989136, 1.1656967401504517, 0.7531739473342896, 0.4090416431427002, 0.14562901854515076, -0.03454708680510521, -0.13525640964508057, -0.14488989114761353, -0.05577653646469116, 0.12517820298671722, 0.3894515037536621, 0.7314350605010986, 1.1450852155685425, 1.6206127405166626, 2.1469364166259766, 2.708329439163208, 3.275437831878662, 3.8358235359191895, 4.373042106628418, 4.865175247192383, 5.303321838378906, 5.661304473876953, 5.930663108825684, 6.096346378326416, 6.1606879234313965, 6.110575199127197, 5.948731899261475, 5.6744890213012695, 5.311352252960205, 4.856071472167969, 4.334597587585449, 3.770575761795044, 3.1792705059051514, 2.5875959396362305, 2.008573293685913, 1.4570775032043457, 0.957148015499115, 0.5350709557533264, 0.19004565477371216, -0.0891430601477623, -0.29188278317451477, -0.410139799118042, -0.45017892122268677, -0.4217895269393921, -0.33830079436302185, -0.21669051051139832, -0.06707235425710678, 0.10372282564640045, 0.28733763098716736, 0.4756758213043213, 0.6651048064231873, 0.8627840876579285, 1.0591473579406738, 1.2636520862579346, 1.4718372821807861, 1.6885470151901245, 1.9215048551559448, 2.1701314449310303, 2.4371979236602783, 2.7180404663085938, 3.007901906967163, 3.299039125442505, 3.574972629547119, 3.827430248260498, 4.050229072570801, 4.228496074676514, 4.3530120849609375, 4.41989278793335, 4.415043354034424, 4.332352161407471, 4.172487735748291, 3.9461350440979004, 3.6544137001037598, 3.3128185272216797, 2.9157888889312744, 2.485027551651001, 2.0336380004882812, 1.574059009552002, 1.118859052658081, 0.6778659224510193, 0.2612587511539459, -0.1289835125207901, -0.503365695476532, -0.8449826836585999, -1.1599165201187134, -1.4399560689926147, -1.6939687728881836, -1.9269307851791382, -2.137747049331665, -2.3305416107177734, -2.515920877456665, -2.687615394592285, -2.8496179580688477, -3.000331163406372, -3.1342437267303467, -3.2566685676574707, -3.363405466079712, -3.4536571502685547, -3.5399601459503174, -3.6186437606811523, -3.6880314350128174, -3.74163818359375, -3.781489849090576, -3.810755491256714, -3.843785047531128, -3.862288475036621, -3.876814365386963 ],
  "sum" : [ 7.554140090942383, 7.518249988555908, 7.506285190582275, 7.716853141784668, 7.575675964355469, 7.549355983734131, 7.554141044616699, 7.2430739402771, 7.412964820861816, 7.501500129699707, 7.451250076293945, 7.312466144561768, 7.398608207702637, 7.3914289474487305, 7.29810905456543, 7.434500217437744, 0.7274190187454224, -0.25603199005126953, -1.0193419456481934, -1.6319060325622559, -3.895514965057373, -3.9577291011810303, -2.6057839393615723, -1.9046859741210938, -1.1102700233459473, -1.3064810037612915, -1.0073790550231934, -1.395015001296997, -1.6749759912490845, -1.562512993812561, -0.9690930247306824, -1.1509480476379395, -1.8759729862213135, -1.7060819864273071, -1.7252249717712402, -1.0671989917755127, -0.37567299604415894, -1.1126619577407837, -1.4476579427719116, -1.7778669595718384, -1.342373013496399, 1.2753750085830688, 2.1032910346984863, 2.7996020317077637, 2.8666019439697266, 3.2279179096221924, 2.670391082763672, 2.928813934326172, 4.567899227142334, 6.092126846313477, 7.963314056396484, 9.233901977539062, 8.819944381713867, 8.903692245483398, 9.509077072143555, 8.934799194335938, 8.528018951416016, 8.767303466796875, 8.219346046447754, 7.800601959228516, 8.056632995605469, 8.090132713317871, 8.279166221618652, 7.791029930114746, 7.590034008026123, 7.807779788970947, 6.417550086975098, 5.883951187133789, 5.553740978240967, 4.986642837524414, 3.653841018676758, 2.1750760078430176, 0.3852440118789673, 0.916450023651123, 0.014356999658048153, -1.1102700233459473, -1.2131609916687012, -1.6510469913482666, -2.0410780906677246, -3.28056001663208, -2.730210065841675, -3.043670892715454, -2.1607189178466797, -1.6127619743347168, -0.23928199708461761, -0.016750000417232513, 1.3399800062179565, 2.3234310150146484, 2.0123629570007324, 1.9932210445404053, 1.8616160154342651, 3.909872055053711, 6.668797016143799, 8.542377471923828, 7.465607166290283, 8.078169822692871, 10.54516887664795, 10.119247436523438, 9.212367057800293, 8.58066177368164, 8.48016357421875, 8.090133666992188, 7.984848976135254, 7.09711217880249, 5.525026798248291, 3.3619160652160645, 1.2131619453430176, -0.564706027507782, -0.5814560055732727, -2.347357988357544, -3.7878379821777344, -4.067799091339111, -2.9431729316711426, -2.495713949203491, -2.0506479740142822, -1.998005986213684, -0.19860400259494781, -0.7058820128440857, 0.30867400765419006, 0.8853449821472168, 0.24646100401878357, 0.13160499930381775, 0.3373880088329315, 0.5575270056724548, 1.9453649520874023, 3.2709879875183105, 3.850050926208496, 2.5627129077911377, 0.1986050009727478, -0.2991029918193817, -0.1842470020055771, 0.7010970115661621, 1.194018006324768, 1.342373013496399, 1.5984050035476685, 2.567497968673706, 3.4863429069519043, 4.213760852813721, 5.230710029602051, 9.566505432128906, 9.293723106384277, 9.367900848388672, 7.606782913208008, 6.563511848449707, 5.462813854217529, 3.883552074432373, 2.744568109512329, 3.462414026260376, 2.3497509956359863, 2.847459077835083, 1.529013991355896, -0.6699910163879395, -1.3782650232315063, -2.428715944290161, -3.0436699390411377, -1.0145570039749146, -0.026319999247789383, 0.09810599684715271, -1.28255295753479, -2.3234310150146484, -2.73260498046875, -1.2897319793701172, -2.627319097518921, -2.5962119102478027, -2.933600902557373, -3.3954150676727295, -3.1369900703430176, -3.146562099456787, -3.151348114013672, -3.8691940307617188, -3.7375879287719727, -4.197010040283203, -4.6540398597717285, -4.218544960021973, -3.948158025741577, -4.010371208190918, -3.811767101287842, -3.735196113586426, -3.663412094116211, -3.823730945587158 ],
  "time" : 14.056
}
