{
  "cnttask" : [ 7.547562122344971, 3.5251896381378174, 0.2531454265117645, 8.595358848571777, 0, 0, 0, 0, 0, 0, 0, 0, 0, 0, 0, 0, 0, 0, 0, 0, 0, 0, 0, 0, 0, 0, 0, 0, 0, 0, 0, 0, 0, 0, 0, 0, 0, 0, 0, 0, 0, 0, 0, 0, 0, 0, 0, 0, 0, 0, 0, 0, 0, 0, 0, 0, 0, 0, 0, 0, 0, 0, 0, 0, 0, 0, 0, 0, 0, 0, 0, 0, 0, 0, 0, 0, 0, 0, 0, 0 ],
  "smoothsum" : [ -1.572188138961792, -1.546940803527832, -1.450819730758667, -1.3540230989456177, -1.2452324628829956, -1.1121346950531006, -0.9477748870849609, -0.7478227615356445, -0.5116376876831055, -0.23131322860717773, 0.09212448447942734, 0.46042221784591675, 0.8750069737434387, 1.3318862915039062, 1.8215395212173462, 2.3372528553009033, 2.888406991958618, 3.4549615383148193, 4.021686553955078, 4.58202600479126, 5.124067306518555, 5.6333231925964355, 6.101038932800293, 6.519779682159424, 6.882414817810059, 7.175782680511475, 7.38812780380249, 7.514546871185303, 7.547562122344971, 7.486322402954102, 7.3406805992126465, 7.113976955413818, 6.811866283416748, 6.3952107429504395, 5.925355434417725, 5.412954807281494, 4.861608982086182, 4.283459663391113, 3.691941738128662, 3.1065146923065186, 2.544067621231079, 2.0239498615264893, 1.5603266954421997, 1.1555593013763428, 0.8131352663040161, 0.5393579006195068, 0.3312217891216278, 0.19162879884243011, 0.11008846759796143, 0.08648578822612762, 0.10782404243946075, 0.15900537371635437, 0.23632846772670746, 0.33234265446662903, 0.4478674530982971, 0.5725939273834229, 0.7105757594108582, 0.8666009306907654, 1.0428733825683594, 1.2434265613555908, 1.4357986450195312, 1.6472247838974, 1.8747172355651855, 2.122877359390259, 2.3824520111083984, 2.6330766677856445, 2.8666794300079346, 3.074054718017578, 3.249767303466797, 3.3877415657043457, 3.482936382293701, 3.5251896381378174, 3.5113837718963623, 3.437946319580078, 3.3110387325286865, 3.1381897926330566, 2.9257030487060547, 2.688070774078369, 2.427572250366211, 2.160648822784424, 1.888130784034729, 1.6201444864273071, 1.3725751638412476, 1.1461268663406372, 0.9465497732162476, 0.7766054272651672, 0.6330762505531311, 0.5175971984863281, 0.4379020035266876, 0.3767641484737396, 0.31987300515174866, 0.28996652364730835, 0.26927897334098816, 0.25753024220466614, 0.25204989314079285, 0.25230950117111206, 0.2531454265117645, 0.24894630908966064, 0.24533072113990784, 0.23812691867351532, 0.22983531653881073, 0.22677423059940338, 0.24012646079063416, 0.2722203731536865, 0.33410805463790894, 0.4286412298679352, 0.5684857368469238, 0.7616009712219238, 1.016045331954956, 1.3385623693466187, 1.7284266948699951, 2.183863639831543, 2.7004926204681396, 3.2649753093719482, 3.87546706199646, 4.5211920738220215, 5.178657531738281, 5.836737155914307, 6.466308116912842, 7.03547477722168, 7.536646366119385, 7.950647354125977, 8.278532028198242, 8.494843482971191, 8.595358848571777, 8.562047958374023, 8.401141166687012, 8.12020206451416, 7.726772785186768, 7.230282783508301, 6.657248020172119, 6.029806137084961, 5.364025115966797, 4.673791885375977, 3.982595682144165, 3.301584005355835, 2.654975652694702, 2.0502212047576904, 1.5019716024398804, 1.010895848274231, 0.5819142460823059, 0.21604271233081818, -0.09006831794977188, -0.34633633494377136, -0.5521382093429565, -0.7202417850494385, -0.8554677367210388, -0.9764733910560608, -1.090050458908081, -1.1968750953674316, -1.2973992824554443, -1.4011167287826538, -1.5041685104370117, -1.609649419784546, -1.714420199394226, -1.8242394924163818, -1.930728554725647, -2.037018299102783, -2.1440298557281494, -2.2464213371276855, -2.3356075286865234 ],
  "sum" : [ 7.463213920593262, 7.130611896514893, 7.396214962005615, 7.180860996246338, 7.637889862060547, 7.075575828552246, 7.183252811431885, 7.262216091156006, 6.9320068359375, 7.178468227386475, 7.305287837982178, -2.3497509956359863, -1.9381860494613647, -2.5866410732269287, -1.978863000869751, -2.431107997894287, -2.0195419788360596, -2.431107997894287, -1.718047022819519, -1.172482967376709, -1.9812560081481934, -1.7611169815063477, -1.8879380226135254, -1.8400800228118896, -1.6630120277404785, -1.5768699645996094, -2.019542932510376, -1.9477579593658447, -1.4835489988327026, -1.4261219501495361, -0.5048859715461731, 0.9690939784049988, 1.1557329893112183, -0.14357000589370728, -1.4165509939193726, -2.421536922454834, 5.938985824584961, 5.989234924316406, 6.0155558586120605, 6.704689979553223, 7.566103935241699, 8.224130630493164, 8.018348693847656, 8.461021423339844, 8.169096946716309, 7.984848976135254, 8.365307807922363, 8.748160362243652, 8.535198211669922, 8.951549530029297, 9.401399612426758, 9.695716857910156, 9.578469276428223, 9.444472312927246, 8.6907320022583, 6.759724140167236, 4.768896102905273, 2.7182459831237793, 1.808972954750061, 0.674776017665863, -1.4213370084762573, -1.911864995956421, -1.708475947380066, -1.832901954650879, -1.2801599502563477, -1.071984052658081, -1.6630120277404785, -2.787637948989868, -1.004984974861145, 1.0336999893188477, 1.7228330373764038, 1.8161519765853882, 1.0887349843978882, 0.18424800038337708, 0.41156598925590515, 1.205981969833374, 2.4957149028778076, 2.5363919734954834, 1.4620139598846436, 0.016750000417232513, -1.4620139598846436, -1.2251249551773071, -1.3184449672698975, 0.6508479714393616, 2.612962007522583, 3.239881992340088, 3.8356950283050537, 4.230510234832764, 5.536992073059082, 6.132804870605469, 7.094718933105469, 7.259823799133301, 8.264808654785156, 9.501897811889648, 2.4215359687805176, 1.1964119672775269, 0.0406779982149601, 0.4977070093154907, 0.02392899990081787, -0.04307100176811218, 0.6963109970092773, 0.569491982460022, 0.9212369918823242, 0.9954149723052979, 1.0169490575790405, 0.7345970273017883, 0.7298110127449036, 0.6723830103874207, 0.5024930238723755, 0.06460700184106827, -0.8231310248374939, -0.7345970273017883, -0.7537400126457214, -0.22731800377368927, 0.14835500717163086, 0.5958120226860046, 1.2873380184173584, 0.6269189715385437, -0.16510500013828278, 0.1028909981250763, -0.7944160103797913, -0.21774700284004211, 2.359323024749756, 3.457628011703491, 3.043670892715454, -0.6029919981956482, -1.995615005493164, -2.9383859634399414, -2.0985050201416016, -1.5337990522384644, -1.0887349843978882, -0.5144569873809814, 0.7130609750747681, 1.6941180229187012, 2.7469611167907715, 4.577469825744629, 7.496713161468506, 9.657431602478027, 11.930614471435547, 12.16511058807373, 12.08375358581543, 10.74855899810791, 10.176674842834473, 9.839286804199219, 9.667003631591797, 9.556934356689453, 9.944570541381836, 9.834501266479492, 10.39920711517334, 11.157732009887695, 10.72702407836914, 9.41336441040039, 6.3960161209106445, 2.4813570976257324, 0.21535399556159973, -2.388037919998169, -3.5102710723876953, -4.101297855377197, -2.7493529319763184, -2.170289993286133, -0.7298110127449036, 0.6987040042877197, 1.016950011253357, 0.15074799954891205, 0.1986050009727478, 0.3062810003757477, -0.15553399920463562, -0.9188429713249207, -1.14137601852417, -1.6869399547576904, -1.4213379621505737, -1.674975037574768, -1.7204400300979614, -2.141576051712036, -2.155932903289795, -2.0985050201416016, -2.4502499103546143, -3.4983069896698, -3.3762741088867188, -3.0245280265808105 ],
  "time" : 14.567
}
