{
  "cnttask" : [ 6.619044780731201, 4.347623348236084, 6.468322277069092, 0, 0, 0, 0, 0, 0, 0, 0, 0, 0, 0, 0, 0, 0, 0, 0, 0, 0, 0, 0, 0, 0, 0, 0, 0, 0, 0, 0, 0, 0, 0, 0, 0, 0, 0, 0, 0, 0, 0, 0, 0, 0, 0, 0, 0, 0, 0, 0, 0, 0, 0, 0, 0, 0, 0, 0, 0, 0, 0, 0, 0, 0, 0, 0, 0, 0, 0, 0, 0, 0, 0, 0, 0, 0, 0, 0, 0 ],
  "smoothsum" : [ -2.3690638542175293, -2.317512273788452, -2.2558364868164062, -2.1923773288726807, -2.049551248550415, -1.9057846069335938, -1.7485849857330322, -1.5648318529129028, -1.3450177907943726, -1.0828627347946167, -0.7764376997947693, -0.4206845462322235, -0.014375945553183556, 0.4387561082839966, 0.933181881904602, 1.459705114364624, 2.0323498249053955, 2.622859001159668, 3.222280502319336, 3.816805839538574, 4.391910076141357, 4.92491340637207, 5.406686782836914, 5.834819793701172, 6.181998252868652, 6.438268184661865, 6.585997581481934, 6.619044780731201, 6.532943248748779, 6.322014808654785, 5.996432781219482, 5.575307846069336, 5.059254169464111, 4.474425315856934, 3.8558454513549805, 3.165281057357788, 2.4745142459869385, 1.8038493394851685, 1.1692769527435303, 0.5840493440628052, 0.06720397621393204, -0.3705834746360779, -0.7171694040298462, -0.9691281914710999, -1.134484052658081, -1.2204238176345825, -1.234139323234558, -1.176105260848999, -1.0723406076431274, -0.9338609576225281, -0.7808483839035034, -0.6205873489379883, -0.4572869539260864, -0.3062573969364166, -0.17769773304462433, -0.060896191745996475, 0.04268477112054825, 0.14587725698947906, 0.25726234912872314, 0.3907754123210907, 0.5494819283485413, 0.7405127882957458, 0.9712013602256775, 1.2601045370101929, 1.555050015449524, 1.8986408710479736, 2.2772305011749268, 2.671536684036255, 3.064392566680908, 3.433455228805542, 3.7645559310913086, 4.033560276031494, 4.23198938369751, 4.339543342590332, 4.347623348236084, 4.260275840759277, 4.085132122039795, 3.8216423988342285, 3.4718282222747803, 3.056330919265747, 2.58664608001709, 2.0853893756866455, 1.5693838596343994, 1.0597928762435913, 0.5713854432106018, 0.11543724685907364, -0.2915860116481781, -0.6343247294425964, -0.9122159481048584, -1.1222997903823853, -1.284217119216919, -1.3928122520446777, -1.4498432874679565, -1.4724735021591187, -1.4687730073928833, -1.3923197984695435, -1.2950496673583984, -1.1712782382965088, -1.0176950693130493, -0.8331807255744934, -0.6177668571472168, -0.3674693703651428, -0.0744769349694252, 0.2560311555862427, 0.6280342936515808, 1.0369948148727417, 1.4828369617462158, 1.9538381099700928, 2.453867197036743, 2.9699299335479736, 3.489891290664673, 4.007733345031738, 4.50585412979126, 4.972326755523682, 5.396069049835205, 5.764341354370117, 6.068599700927734, 6.292508125305176, 6.427918434143066, 6.468322277069092, 6.409276962280273, 6.249723434448242, 5.994996070861816, 5.6507697105407715, 5.212532043457031, 4.706950664520264, 4.1459245681762695, 3.5438404083251953, 2.9124820232391357, 2.269190788269043, 1.6268738508224487, 1.0055681467056274, 0.41658785939216614, -0.13275794684886932, -0.6304701566696167, -1.0725167989730835, -1.454351544380188, -1.7781846523284912, -2.0437393188476562, -2.2591774463653564, -2.428647994995117, -2.5550379753112793, -2.651512622833252, -2.720878839492798, -2.767991304397583, -2.804321050643921, -2.8313539028167725, -2.850025177001953, -2.8631153106689453, -2.8744773864746094, -2.8840584754943848, -2.892799139022827, -2.8970870971679688, -2.904649257659912, -2.9191641807556152, -2.9169559478759766, -2.9166884422302246, -2.9163827896118164, -2.9131462574005127, -2.9100115299224854, -2.9079670906066895 ],
  "sum" : [ 6.874578952789307, 6.4510498046875, 6.790831089019775, 6.434299945831299, 6.659224987030029, 7.003791809082031, 6.824329853057861, 6.891328811645508, 6.75254487991333, 6.824329853057861, 6.826723098754883, -3.4002010822296143, -4.577469825744629, -4.223331928253174, -3.9314069747924805, -3.235095977783203, -3.9936211109161377, -2.7278170585632324, -2.6464619636535645, -2.9838500022888184, -2.344965934753418, -2.5531420707702637, -2.3569300174713135, -2.916851043701172, -2.8522450923919678, -1.9022949934005737, -2.7206389904022217, -2.404787063598633, -2.569891929626465, -1.8568300008773804, -1.6462620496749878, -0.004786000121384859, 1.5816559791564941, 0.8255230188369751, -1.1868400573730469, -1.9692929983139038, -2.1415770053863525, -2.9647068977355957, 8.61416244506836, 8.678768157958984, 8.343771934509277, 8.288737297058105, 8.405985832214355, 8.468198776245117, 7.9585280418396, 7.9154582023620605, 8.142775535583496, 8.183455467224121, 8.291130065917969, 8.441877365112305, 8.472984313964844, 9.10708236694336, 8.999405860900879, 8.420343399047852, 6.094520092010498, 1.950150966644287, -0.2440679967403412, -1.2801589965820312, -3.4480578899383545, -5.020142078399658, -6.407978057861328, -7.039683818817139, -5.13739013671875, -3.259023904800415, -1.9597209692001343, -0.19142700731754303, -0.9834499955177307, -0.8446660041809082, 0.1004989966750145, 0.8350949883460999, 0.9164509773254395, 0.8446670174598694, 0.5383849740028381, -0.2799600064754486, -0.016749000176787376, -0.2775680124759674, 0.8973090052604675, 2.203788995742798, 1.3710880279541016, -0.40917301177978516, -2.0123629570007324, -1.0671989917755127, -1.284945011138916, -0.5383849740028381, -0.3038890063762665, 0.37328100204467773, 1.0528420209884644, 2.093719959259033, 2.871387004852295, 4.441079139709473, 5.020143032073975, 6.252446174621582, 7.245467185974121, 10.748558044433594, 12.028719902038574, 11.406585693359375, 10.64566707611084, 9.760323524475098, -1.5050849914550781, -1.7730809450149536, -1.361515998840332, -1.4500499963760376, -1.0001989603042603, -1.2753740549087524, -1.2658029794692993, -1.8161530494689941, -1.7946170568466187, -2.1056840419769287, -2.067399024963379, -2.1128621101379395, -1.531406044960022, -2.2396819591522217, -2.2348968982696533, -1.9860420227050781, -1.7970099449157715, -1.2705880403518677, -0.8997009992599487, -0.3014959990978241, -0.2632110118865967, -1.7395819425582886, -1.756330966949463, -1.359123945236206, -1.1557339429855347, -0.7250249981880188, -0.803987979888916, 0.062213998287916183, 1.263409972190857, 1.373479962348938, 2.1535398960113525, 2.959920883178711, 3.625127077102661, 5.5345988273620605, 6.9128642082214355, 8.185846328735352, 7.783853054046631, 7.671389102935791, 8.094918251037598, 7.774281978607178, 7.968099117279053, 7.953742980957031, 8.513663291931152, 8.288738250732422, 8.736197471618652, 8.518448829650879, 7.496714115142822, 6.912865161895752, 5.113461971282959, 3.0987050533294678, 1.8472590446472168, 0.4259229898452759, -1.5409770011901855, -2.974277973175049, -3.4313080310821533, -3.6227331161499023, -3.3738789558410645, -3.572484016418457, -2.2588250637054443, -0.7202399969100952, -3.4600210189819336, -2.8211379051208496, -2.5818569660186768, -2.7972090244293213, -2.6177480220794678, -2.455035924911499, -2.5483570098876953, -2.847459077835083, -2.995814085006714, -3.177669048309326, -3.2853450775146484, -3.211167097091675, -3.04606294631958, -2.816351890563965, -2.8522450923919678, -2.9001009464263916, -2.9742789268493652, -2.694319009780884, -2.8115670680999756, -2.9455649852752686, -2.7924249172210693, -3.0293140411376953 ],
  "time" : 15.125
}
