{
  "cnttask" : [ 11.392120361328125, 10.098226547241211, 9.257162094116211, 11.431200981140137, 0, 0, 0, 0, 0, 0, 0, 0, 0, 0, 0, 0, 0, 0, 0, 0, 0, 0, 0, 0, 0, 0, 0, 0, 0, 0, 0, 0, 0, 0, 0, 0, 0, 0, 0, 0, 0, 0, 0, 0, 0, 0, 0, 0, 0, 0, 0, 0, 0, 0, 0, 0, 0, 0, 0, 0, 0, 0, 0, 0, 0, 0, 0, 0, 0, 0, 0, 0, 0, 0, 0, 0, 0, 0, 0, 0, 0, 0, 0, 0, 0, 0, 0, 0, 0, 0, 0, 0, 0, 0, 0, 0, 0, 0, 0, 0 ],
  "smoothsum" : [ 11.450150489807129, 11.423219680786133, 11.402432441711426, 11.39075756072998, 11.392120361328125, 11.382089614868164, 11.328407287597656, 11.261043548583984, 11.162758827209473, 11.018047332763672, 10.813904762268066, 10.520785331726074, 10.131053924560547, 9.621148109436035, 8.977691650390625, 8.194084167480469, 7.2459397315979, 6.165989398956299, 4.944671630859375, 3.599374294281006, 2.1506478786468506, 0.6246432662010193, -0.9532082080841064, -2.547428846359253, -4.132547378540039, -5.681731700897217, -7.169056415557861, -8.568777084350586, -9.864721298217773, -11.040942192077637, -12.089875221252441, -13.01020336151123, -13.8032865524292, -14.475322723388672, -15.052325248718262, -15.538933753967285, -15.937419891357422, -16.217498779296875, -16.417617797851562, -16.536876678466797, -16.5616455078125, -16.4923152923584, -16.299959182739258, -15.98709487915039, -15.534910202026367, -14.929709434509277, -14.156329154968262, -13.22787857055664, -12.148974418640137, -10.91952133178711, -9.552216529846191, -8.066760063171387, -6.485325336456299, -4.829182147979736, -3.1284737586975098, -1.4170231819152832, 0.28532227873802185, 1.944010853767395, 3.508925437927246, 4.9679107666015625, 6.279687404632568, 7.429149627685547, 8.394122123718262, 9.153617858886719, 9.699186325073242, 10.021842002868652, 10.098226547241211, 9.946800231933594, 9.548126220703125, 8.914192199707031, 8.06802749633789, 7.016726016998291, 5.789958477020264, 4.405786991119385, 2.901639461517334, 1.3090845346450806, -0.33782505989074707, -2.015801191329956, -3.6787643432617188, -5.303356170654297, -6.861804008483887, -8.332228660583496, -9.683178901672363, -10.90385913848877, -11.983832359313965, -12.919734954833984, -13.72504997253418, -14.40931510925293, -14.982884407043457, -15.43665885925293, -15.808934211730957, -16.080854415893555, -16.292959213256836, -16.428665161132812, -16.505268096923828, -16.527711868286133, -16.475168228149414, -16.335607528686523, -16.11810302734375, -15.804981231689453, -15.37822437286377, -14.840232849121094, -14.171892166137695, -13.368213653564453, -12.434263229370117, -11.367094039916992, -10.176939010620117, -8.877825736999512, -7.483730792999268, -6.016180992126465, -4.495350360870361, -2.944350242614746, -1.3839975595474243, 0.1530187577009201, 1.6449949741363525, 3.062464475631714, 4.378635406494141, 5.578548431396484, 6.6313700675964355, 7.530877113342285, 8.252786636352539, 8.798030853271484, 9.1204195022583, 9.257162094116211, 9.162817001342773, 8.849259376525879, 8.31364917755127, 7.5614542961120605, 6.601443767547607, 5.452478885650635, 4.1440815925598145, 2.6939821243286133, 1.1441622972488403, -0.4792492389678955, -2.1469762325286865, -3.8155925273895264, -5.460798740386963, -7.0473551750183105, -8.552172660827637, -9.954163551330566, -11.238738059997559, -12.375916481018066, -13.370473861694336, -14.215965270996094, -14.910091400146484, -15.468486785888672, -15.887100219726562, -16.17654037475586, -16.329635620117188, -16.345266342163086, -16.2235107421875, -15.962915420532227, -15.556439399719238, -14.989179611206055, -14.286572456359863, -13.43169116973877, -12.435615539550781, -11.30035400390625, -10.04044246673584, -8.6688232421875, -7.199361324310303, -5.665272235870361, -4.081821918487549, -2.480560064315796, -0.8882836699485779, 0.6684826612472534, 2.1599490642547607, 3.5664284229278564, 4.8654961585998535, 6.045464992523193, 7.100798606872559, 8.03230094909668, 8.825575828552246, 9.497771263122559, 10.050882339477539, 10.4864501953125, 10.823445320129395, 11.067571640014648, 11.239859580993652, 11.347829818725586, 11.410325050354004, 11.431200981140137, 11.427767753601074, 11.397862434387207, 11.353564262390137, 11.304254531860352, 11.251875877380371, 11.20475959777832, 11.162948608398438, 11.126420974731445, 11.09531021118164, 11.065215110778809, 11.043384552001953, 11.02563190460205, 11.012909889221191, 11.00235652923584, 10.993379592895508, 10.98862361907959, 10.982351303100586, 10.975603103637695, 10.971019744873047 ],