{
  "cnttask" : [ 11.440275192260742, 11.219189643859863, 7.915602207183838, 11.145722389221191, 0, 0, 0, 0, 0, 0, 0, 0, 0, 0, 0, 0, 0, 0, 0, 0, 0, 0, 0, 0, 0, 0, 0, 0, 0, 0, 0, 0, 0, 0, 0, 0, 0, 0, 0, 0, 0, 0, 0, 0, 0, 0, 0, 0, 0, 0, 0, 0, 0, 0, 0, 0, 0, 0, 0, 0, 0, 0, 0, 0, 0, 0, 0, 0, 0, 0, 0, 0, 0, 0, 0, 0, 0, 0, 0, 0, 0, 0, 0, 0, 0, 0, 0, 0, 0, 0, 0, 0, 0, 0, 0, 0, 0, 0, 0, 0, 0, 0, 0, 0, 0, 0, 0, 0, 0, 0 ],
  "smoothsum" : [ 11.442770957946777, 11.43697738647461, 11.433058738708496, 11.435501098632812, 11.440275192260742, 11.42590045928955, 11.370399475097656, 11.298856735229492, 11.18920612335205, 11.033788681030273, 10.804825782775879, 10.494314193725586, 10.072015762329102, 9.531288146972656, 8.855319023132324, 8.041400909423828, 7.0720391273498535, 5.95799446105957, 4.709395885467529, 3.3391411304473877, 1.8737002611160278, 0.3314945697784424, -1.2641899585723877, -2.875915050506592, -4.476613998413086, -6.034300804138184, -7.521380424499512, -8.916095733642578, -10.201760292053223, -11.359529495239258, -12.38272476196289, -13.265645980834961, -14.016409873962402, -14.64167594909668, -15.15723991394043, -15.575214385986328, -15.903717994689941, -16.133371353149414, -16.296173095703125, -16.39849853515625, -16.437963485717773, -16.407745361328125, -16.319753646850586, -16.15475082397461, -15.904208183288574, -15.563614845275879, -15.107816696166992, -14.543169021606445, -13.85555648803711, -13.04951286315918, -12.110963821411133, -11.048211097717285, -9.867826461791992, -8.572813034057617, -7.183258056640625, -5.718307971954346, -4.201691150665283, -2.655958414077759, -1.107458472251892, 0.4201217591762543, 1.9003534317016602, 3.3095927238464355, 4.625565528869629, 5.83288049697876, 6.919718265533447, 7.877494812011719, 8.70101261138916, 9.401240348815918, 9.98005485534668, 10.433652877807617, 10.782792091369629, 11.021217346191406, 11.164389610290527, 11.219189643859863, 11.193354606628418, 11.082064628601074, 10.889396667480469, 10.584613800048828, 10.179014205932617, 9.66475772857666, 9.035877227783203, 8.280133247375488, 7.390373706817627, 6.377693176269531, 5.237869739532471, 3.9898509979248047, 2.6331090927124023, 1.1937248706817627, -0.3072214126586914, -1.8401625156402588, -3.3855273723602295, -4.915738105773926, -6.4041595458984375, -7.827925682067871, -9.1705961227417, -10.415996551513672, -11.549592018127441, -12.564323425292969, -13.462203025817871, -14.243975639343262, -14.908965110778809, -15.4575834274292, -15.90399169921875, -16.248239517211914, -16.49393081665039, -16.647363662719727, -16.693185806274414, -16.633989334106445, -16.463638305664062, -16.168331146240234, -15.758726119995117, -15.20703125, -14.50928020477295, -13.674973487854004, -12.702619552612305, -11.590922355651855, -10.362777709960938, -9.017862319946289, -7.577996730804443, -6.070257186889648, -4.521988391876221, -2.9563798904418945, -1.4017142057418823, 0.11676330119371414, 1.5731313228607178, 2.9299376010894775, 4.154107570648193, 5.241469860076904, 6.165002822875977, 6.906441688537598, 7.461310386657715, 7.800043106079102, 7.915602207183838, 7.8263773918151855, 7.5153398513793945, 6.990890979766846, 6.268008708953857, 5.344147205352783, 4.2495880126953125, 3.0175046920776367, 1.6548298597335815, 0.21338392794132233, -1.2912620306015015, -2.8289215564727783, -4.359309196472168, -5.861854076385498, -7.30295467376709, -8.660049438476562, -9.911438941955566, -11.045724868774414, -12.049066543579102, -12.919817924499512, -13.652883529663086, -14.257840156555176, -14.749125480651855, -15.146759986877441, -15.45663070678711, -15.685552597045898, -15.853876113891602, -15.979768753051758, -16.067522048950195, -16.150333404541016, -16.20747184753418, -16.25147247314453, -16.298654556274414, -16.330869674682617, -16.335617065429688, -16.316871643066406, -16.253446578979492, -16.13158416748047, -15.947117805480957, -15.679768562316895, -15.316204071044922, -14.83511734008789, -14.239869117736816, -13.498640060424805, -12.610608100891113, -11.591422080993652, -10.435091018676758, -9.161787033081055, -7.776963710784912, -6.303765296936035, -4.761521816253662, -3.181501865386963, -1.5882798433303833, -0.01439848355948925, 1.5132721662521362, 2.972604751586914, 4.343287467956543, 5.592609405517578, 6.715351104736328, 7.694826602935791, 8.538360595703125, 9.242560386657715, 9.813739776611328, 10.268531799316406, 10.61121654510498, 10.851357460021973, 11.016288757324219, 11.109283447265625, 11.143447875976562, 11.145722389221191, 11.128911018371582, 11.100773811340332, 11.062822341918945, 11.03640365600586, 11.0083646774292, 10.983503341674805, 10.971516609191895, 10.962503433227539, 10.965418815612793, 10.971830368041992, 10.983264923095703, 10.997325897216797, 11.013775825500488, 11.028125762939453, 11.040254592895508, 11.047990798950195, 11.052313804626465, 11.0558500289917, 11.059304237365723 ],