{
  "cnttask" : [ 11.701443672180176, 11.916422843933105, 10.3290376663208, 11.285752296447754, 0, 0, 0, 0, 0, 0, 0, 0, 0, 0, 0, 0, 0, 0, 0, 0, 0, 0, 0, 0, 0, 0, 0, 0, 0, 0, 0, 0, 0, 0, 0, 0, 0, 0, 0, 0, 0, 0, 0, 0, 0, 0, 0, 0, 0, 0, 0, 0, 0, 0, 0, 0, 0, 0, 0, 0, 0, 0, 0, 0, 0, 0, 0, 0, 0, 0, 0, 0, 0, 0, 0, 0, 0, 0, 0, 0, 0, 0, 0, 0, 0, 0, 0, 0, 0, 0, 0, 0, 0, 0, 0, 0, 0, 0, 0, 0, 0, 0, 0, 0, 0, 0, 0, 0, 0, 0 ],
  "smoothsum" : [ 11.725038528442383, 11.707114219665527, 11.694563865661621, 11.688872337341309, 11.700057029724121, 11.701443672180176, 11.647486686706543, 11.580557823181152, 11.48383903503418, 11.344698905944824, 11.132281303405762, 10.840279579162598, 10.444645881652832, 9.923169136047363, 9.262001991271973, 8.462063789367676, 7.505779266357422, 6.390076637268066, 5.134432792663574, 3.750406503677368, 2.2531726360321045, 0.6658428907394409, -0.9757819175720215, -2.6394360065460205, -4.295956611633301, -5.9160261154174805, -7.4731645584106445, -8.943700790405273, -10.304099082946777, -11.531827926635742, -12.626391410827637, -13.560982704162598, -14.349481582641602, -14.988079071044922, -15.508359909057617, -15.890406608581543, -16.158388137817383, -16.257230758666992, -16.237499237060547, -16.09619140625, -15.82601261138916, -15.412909507751465, -14.853310585021973, -14.149394989013672, -13.28610897064209, -12.2665376663208, -11.099631309509277, -9.811356544494629, -8.401941299438477, -6.894381523132324, -5.309896945953369, -3.6697967052459717, -1.9993045330047607, -0.3346346318721771, 1.2957913875579834, 2.8653712272644043, 4.350028991699219, 5.729294300079346, 6.987738132476807, 8.106698036193848, 9.0817232131958, 9.924962997436523, 10.618102073669434, 11.163991928100586, 11.55821418762207, 11.829473495483398, 11.916422843933105, 11.868929862976074, 11.658896446228027, 11.299871444702148, 10.787071228027344, 10.112173080444336, 9.279854774475098, 8.285173416137695, 7.143672466278076, 5.863451957702637, 4.459145545959473, 2.94559907913208, 1.3568428754806519, -0.2765716016292572, -1.9300795793533325, -3.578634738922119, -5.189176559448242, -6.738380432128906, -8.195596694946289, -9.54036808013916, -10.756481170654297, -11.837989807128906, -12.783608436584473, -13.594280242919922, -14.267316818237305, -14.821734428405762, -15.267037391662598, -15.635977745056152, -15.910726547241211, -16.121000289916992, -16.263256072998047, -16.335786819458008, -16.345617294311523, -16.287199020385742, -16.15365982055664, -15.939947128295898, -15.62138843536377, -15.195328712463379, -14.62907886505127, -13.917763710021973, -13.052128791809082, -12.051372528076172, -10.908903121948242, -9.628824234008789, -8.23074722290039, -6.731779098510742, -5.1493611335754395, -3.5168838500976562, -1.8509083986282349, -0.19488093256950378, 1.420407772064209, 2.9654922485351562, 4.423962116241455, 5.750540733337402, 6.937520503997803, 7.965496063232422, 8.821654319763184, 9.487936019897461, 9.972272872924805, 10.25183391571045, 10.3290376663208, 10.193934440612793, 9.857704162597656, 9.316681861877441, 8.579153060913086, 7.654196739196777, 6.571413040161133, 5.339506149291992, 3.9928243160247803, 2.5414328575134277, 1.0109955072402954, -0.5786415934562683, -2.171928882598877, -3.7505664825439453, -5.289505481719971, -6.7652740478515625, -8.15365219116211, -9.433643341064453, -10.5890531539917, -11.616496086120605, -12.50804328918457, -13.27267074584961, -13.919147491455078, -14.461788177490234, -14.894454956054688, -15.236008644104004, -15.51003646850586, -15.708261489868164, -15.845686912536621, -15.915792465209961, -15.936798095703125, -15.88332462310791, -15.758609771728516, -15.54781436920166, -15.237054824829102, -14.825514793395996, -14.285788536071777, -13.619867324829102, -12.810474395751953, -11.850581169128418, -10.768228530883789, -9.55335521697998, -8.226615905761719, -6.8058247566223145, -5.301654815673828, -3.7416176795959473, -2.1510043144226074, -0.5637708902359009, 0.9901963472366333, 2.4850335121154785, 3.890113115310669, 5.189856052398682, 6.370593547821045, 7.423605918884277, 8.336063385009766, 9.10726547241211, 9.738759994506836, 10.250483512878418, 10.63845157623291, 10.922175407409668, 11.10821533203125, 11.226090431213379, 11.278660774230957, 11.285752296447754, 11.261197090148926, 11.212011337280273, 11.16403579711914, 11.108748435974121, 11.059645652770996, 11.010581970214844, 10.956408500671387, 10.918830871582031, 10.886335372924805, 10.868462562561035, 10.862076759338379, 10.858378410339355, 10.855086326599121, 10.853450775146484, 10.855570793151855, 10.86094856262207, 10.864218711853027, 10.871302604675293, 10.877676963806152, 10.88713550567627, 10.897802352905273, 10.907177925109863, 10.918784141540527, 10.931339263916016, 10.94452953338623, 10.957244873046875, 10.972715377807617, 10.986845970153809, 11.001863479614258, 11.019597053527832, 11.0368013381958 ],