{
  "cnttask" : [ 10.338547706604004, 10.070548057556152, 10.136162757873535, 11.405330657958984, 11.447762489318848, 0, 0, 0, 0, 0, 0, 0, 0, 0, 0, 0, 0, 0, 0, 0, 0, 0, 0, 0, 0, 0, 0, 0, 0, 0, 0, 0, 0, 0, 0, 0, 0, 0, 0, 0, 0, 0, 0, 0, 0, 0, 0, 0, 0, 0, 0, 0, 0, 0, 0, 0, 0, 0, 0, 0, 0, 0, 0, 0, 0, 0, 0, 0, 0, 0, 0, 0, 0, 0, 0, 0, 0, 0, 0, 0, 0, 0, 0, 0, 0, 0, 0, 0, 0, 0, 0, 0, 0, 0, 0, 0, 0, 0, 0, 0, 0, 0, 0, 0, 0, 0, 0, 0, 0, 0, 0, 0, 0, 0, 0, 0, 0, 0, 0, 0, 0, 0, 0, 0, 0, 0, 0, 0, 0, 0 ],
  "smoothsum" : [ 8.781972885131836, 8.90975284576416, 9.037772178649902, 9.165485382080078, 9.290160179138184, 9.414237976074219, 9.534733772277832, 9.650589942932129, 9.762818336486816, 9.870211601257324, 9.972183227539062, 10.068105697631836, 10.156281471252441, 10.229113578796387, 10.278997421264648, 10.3128023147583, 10.338547706604004, 10.315211296081543, 10.249933242797852, 10.136652946472168, 9.963784217834473, 9.71612548828125, 9.381367683410645, 8.935126304626465, 8.380558967590332, 7.699605464935303, 6.897454261779785, 5.96693229675293, 4.903535842895508, 3.7249536514282227, 2.4389395713806152, 1.05720055103302, -0.3894842863082886, -1.8908215761184692, -3.407097578048706, -4.917427062988281, -6.3947038650512695, -7.813593864440918, -9.151140213012695, -10.391192436218262, -11.518610954284668, -12.528634071350098, -13.425765991210938, -14.183955192565918, -14.817358016967773, -15.3345308303833, -15.73951244354248, -16.041988372802734, -16.23897933959961, -16.338666915893555, -16.335962295532227, -16.23139190673828, -16.020977020263672, -15.704761505126953, -15.265453338623047, -14.703266143798828, -14.004254341125488, -13.174440383911133, -12.223869323730469, -11.139817237854004, -9.944243431091309, -8.6427583694458, -7.2470269203186035, -5.790365219116211, -4.275620460510254, -2.745616912841797, -1.224635362625122, 0.2660680413246155, 1.7045643329620361, 3.0675714015960693, 4.337460041046143, 5.4999189376831055, 6.5465006828308105, 7.4861297607421875, 8.264877319335938, 8.903068542480469, 9.411948204040527, 9.770793914794922, 10.000879287719727, 10.070548057556152, 9.991131782531738, 9.764142036437988, 9.372448921203613, 8.820894241333008, 8.105862617492676, 7.233462333679199, 6.205631732940674, 5.039227485656738, 3.7476460933685303, 2.3565049171447754, 0.8763984441757202, -0.6588177680969238, -2.23003888130188, -3.8085944652557373, -5.36178731918335, -6.868676662445068, -8.302239418029785, -9.633428573608398, -10.852023124694824, -11.943958282470703, -12.902820587158203, -13.724945068359375, -14.414302825927734, -14.975244522094727, -15.427250862121582, -15.763863563537598, -16.011049270629883, -16.180238723754883, -16.281532287597656, -16.34632682800293, -16.359037399291992, -16.346698760986328, -16.33023452758789, -16.309511184692383, -16.295927047729492, -16.28045654296875, -16.2734432220459, -16.269290924072266, -16.27309799194336, -16.2640438079834, -16.251916885375977, -16.210987091064453, -16.13447380065918, -16.00181770324707, -15.793352127075195, -15.503576278686523, -15.099520683288574, -14.58820629119873, -13.94406509399414, -13.168540000915527, -12.256128311157227, -11.207181930541992, -10.030319213867188, -8.737479209899902, -7.3470964431762695, -5.881037712097168, -4.355588912963867, -2.7931160926818848, -1.2265087366104126, 0.3162042498588562, 1.811538815498352, 3.2364532947540283, 4.562381267547607, 5.7764153480529785, 6.869233131408691, 7.826128005981445, 8.614892959594727, 9.252334594726562, 9.720605850219727, 10.021156311035156, 10.136162757873535, 10.07371711730957, 9.827375411987305, 9.402264595031738, 8.801756858825684, 8.027885437011719, 7.096402645111084, 6.0013227462768555, 4.786523818969727, 3.4497745037078857, 2.028209686279297, 0.5351796746253967, -0.9991124868392944, -2.5502359867095947, -4.091457843780518, -5.594888210296631, -7.030570983886719, -8.383747100830078, -9.632673263549805, -10.766002655029297, -11.778206825256348, -12.669297218322754, -13.440679550170898, -14.092063903808594, -14.630514144897461, -15.07430648803711, -15.43046760559082, -15.704545021057129, -15.917867660522461, -16.073698043823242, -16.17087745666504, -16.21597671508789, -16.20552635192871, -16.130176544189453, -15.981389045715332, -15.751853942871094, -15.430414199829102, -15.003564834594727, -14.4591646194458, -13.796236991882324, -13.0033597946167, -12.086618423461914, -11.041359901428223, -9.876571655273438, -8.603629112243652, -7.235380172729492, -5.790472507476807, -4.294723033905029, -2.7682437896728516, -1.2389566898345947, 0.26741737127304077, 1.7270374298095703, 3.1196413040161133, 4.426249980926514, 5.630156993865967, 6.7159576416015625, 7.676994800567627, 8.506414413452148, 9.215380668640137, 9.803617477416992, 10.280138969421387, 10.65065860748291, 10.927887916564941, 11.131417274475098, 11.267923355102539, 11.349637985229492, 11.391738891601562, 11.405330657958984, 11.403046607971191, 11.389670372009277, 11.37246322631836, 11.353968620300293, 11.339435577392578, 11.32887077331543, 11.321253776550293, 11.320384979248047, 11.324715614318848, 11.332134246826172, 11.342118263244629, 11.354429244995117, 11.365411758422852, 11.377026557922363, 11.38835620880127, 11.399843215942383, 11.408382415771484, 11.41762638092041, 11.42602252960205, 11.433541297912598, 11.439909934997559, 11.445108413696289, 11.447762489318848, 11.447301864624023, 11.44515323638916, 11.43836498260498, 11.427316665649414, 11.411187171936035, 11.395037651062012, 11.37486743927002, 11.35145092010498, 11.324468612670898, 11.295860290527344, 11.265430450439453, 11.234834671020508, 11.203783988952637, 11.1730375289917, 11.143233299255371, 11.114483833312988, 11.086673736572266, 11.060527801513672, 11.037245750427246, 11.013729095458984 ],