{
  "cnttask" : [ 11.553000450134277, 11.626872062683105, 9.986306190490723, 11.039826393127441, 0, 0, 0, 0, 0, 0, 0, 0, 0, 0, 0, 0, 0, 0, 0, 0, 0, 0, 0, 0, 0, 0, 0, 0, 0, 0, 0, 0, 0, 0, 0, 0, 0, 0, 0, 0, 0, 0, 0, 0, 0, 0, 0, 0, 0, 0, 0, 0, 0, 0, 0, 0, 0, 0, 0, 0, 0, 0, 0, 0, 0, 0, 0, 0, 0, 0, 0, 0, 0, 0, 0, 0, 0, 0, 0, 0, 0, 0, 0, 0, 0, 0, 0, 0, 0, 0, 0, 0, 0, 0, 0, 0, 0, 0, 0, 0, 0, 0, 0, 0, 0, 0, 0, 0, 0, 0 ],
  "smoothsum" : [ 11.508102416992188, 11.534339904785156, 11.546944618225098, 11.553000450134277, 11.523127555847168, 11.456047058105469, 11.338107109069824, 11.168245315551758, 10.935969352722168, 10.62019157409668, 10.186675071716309, 9.632495880126953, 8.934977531433105, 8.095849990844727, 7.111156940460205, 5.98418664932251, 4.70461893081665, 3.3056979179382324, 1.810582160949707, 0.23364609479904175, -1.3946768045425415, -3.0369575023651123, -4.663001537322998, -6.243228912353516, -7.750042915344238, -9.159876823425293, -10.45026683807373, -11.608756065368652, -12.62250804901123, -13.492892265319824, -14.227679252624512, -14.834681510925293, -15.31525993347168, -15.700698852539062, -15.99753475189209, -16.217971801757812, -16.381216049194336, -16.489721298217773, -16.56048583984375, -16.603559494018555, -16.609355926513672, -16.562347412109375, -16.460529327392578, -16.289316177368164, -16.04136085510254, -15.697731018066406, -15.203024864196777, -14.581275939941406, -13.821696281433105, -12.902809143066406, -11.817975044250488, -10.568188667297363, -9.168841361999512, -7.637335777282715, -5.995538711547852, -4.272904872894287, -2.4987974166870117, -0.7133733630180359, 1.0485010147094727, 2.7523796558380127, 4.369487285614014, 5.8784284591674805, 7.2457733154296875, 8.430061340332031, 9.446039199829102, 10.269977569580078, 10.893622398376465, 11.324431419372559, 11.567566871643066, 11.626872062683105, 11.483585357666016, 11.148428916931152, 10.624773025512695, 9.925987243652344, 9.067291259765625, 8.047407150268555, 6.889922142028809, 5.567171096801758, 4.130871295928955, 2.6055386066436768, 1.001903772354126, -0.654375433921814, -2.3343453407287598, -4.004081726074219, -5.632174968719482, -7.1928629875183105, -8.656415939331055, -10.00214958190918, -11.217900276184082, -12.289263725280762, -13.21019172668457, -13.986167907714844, -14.634764671325684, -15.149995803833008, -15.541309356689453, -15.837875366210938, -16.06201934814453, -16.209943771362305, -16.300989151000977, -16.352983474731445, -16.368125915527344, -16.32893180847168, -16.241167068481445, -16.079898834228516, -15.851980209350586, -15.542993545532227, -15.126111030578613, -14.600486755371094, -13.948493003845215, -13.159589767456055, -12.233020782470703, -11.172796249389648, -9.991669654846191, -8.693602561950684, -7.295984268188477, -5.820678234100342, -4.293219566345215, -2.7407751083374023, -1.191977858543396, 0.3318670094013214, 1.8038709163665771, 3.196899175643921, 4.49612283706665, 5.6883134841918945, 6.750347137451172, 7.674183368682861, 8.45246696472168, 9.08204460144043, 9.550902366638184, 9.853083610534668, 9.986306190490723, 9.95053482055664, 9.739662170410156, 9.350777626037598, 8.765381813049316, 7.995909214019775, 7.0470290184021, 5.933080196380615, 4.675750255584717, 3.2920212745666504, 1.8029325008392334, 0.22582054138183594, -1.4027836322784424, -3.0365257263183594, -4.6565704345703125, -6.2299089431762695, -7.731782913208008, -9.13144302368164, -10.407780647277832, -11.54916000366211, -12.546365737915039, -13.398326873779297, -14.111021041870117, -14.694733619689941, -15.167734146118164, -15.530693054199219, -15.818490982055664, -16.034948348999023, -16.20166778564453, -16.330215454101562, -16.427228927612305, -16.485904693603516, -16.517515182495117, -16.512157440185547, -16.464214324951172, -16.350954055786133, -16.155269622802734, -15.863466262817383, -15.459705352783203, -14.924612045288086, -14.252650260925293, -13.434122085571289, -12.456603050231934, -11.33064079284668, -10.070006370544434, -8.677889823913574, -7.177363395690918, -5.589577674865723, -3.9478652477264404, -2.281498670578003, -0.624484658241272, 0.9912742972373962, 2.5364043712615967, 3.9831717014312744, 5.312045574188232, 6.508773326873779, 7.547214031219482, 8.4401273727417, 9.176023483276367, 9.765369415283203, 10.221210479736328, 10.563521385192871, 10.798417091369629, 10.943276405334473, 11.017853736877441, 11.039826393127441, 11.02613353729248, 10.987966537475586, 10.940619468688965, 10.892303466796875, 10.841578483581543, 10.800379753112793, 10.764707565307617, 10.73170280456543, 10.709576606750488, 10.695906639099121, 10.685704231262207, 10.678154945373535, 10.671907424926758, 10.668646812438965, 10.662336349487305, 10.656448364257812, 10.64880657196045, 10.639006614685059, 10.631568908691406, 10.623891830444336, 10.614540100097656, 10.607848167419434, 10.597111701965332, 10.587176322937012, 10.577996253967285 ],