{
  "cnttask" : [ 11.763275146484375, 10.980879783630371, 9.690818786621094, 11.791109085083008, 0, 0, 0, 0, 0, 0, 0, 0, 0, 0, 0, 0, 0, 0, 0, 0, 0, 0, 0, 0, 0, 0, 0, 0, 0, 0, 0, 0, 0, 0, 0, 0, 0, 0, 0, 0, 0, 0, 0, 0, 0, 0, 0, 0, 0, 0, 0, 0, 0, 0, 0, 0, 0, 0, 0, 0, 0, 0, 0, 0, 0, 0, 0, 0, 0, 0, 0, 0, 0, 0, 0, 0, 0, 0, 0, 0, 0, 0, 0, 0, 0, 0, 0, 0, 0, 0, 0, 0, 0, 0, 0, 0, 0, 0, 0, 0, 0, 0, 0, 0, 0, 0, 0, 0, 0, 0 ],
  "smoothsum" : [ 11.737382888793945, 11.75629997253418, 11.763275146484375, 11.744283676147461, 11.705220222473145, 11.649035453796387, 11.54716682434082, 11.399174690246582, 11.191534042358398, 10.895273208618164, 10.495218276977539, 9.978375434875488, 9.321836471557617, 8.529534339904785, 7.590364456176758, 6.517736434936523, 5.290582656860352, 3.9385340213775635, 2.4844539165496826, 0.949810802936554, -0.6424505710601807, -2.255406141281128, -3.8614025115966797, -5.433624267578125, -6.9439263343811035, -8.366498947143555, -9.677605628967285, -10.864720344543457, -11.923636436462402, -12.846981048583984, -13.638677597045898, -14.306646347045898, -14.866397857666016, -15.318293571472168, -15.670573234558105, -15.946805000305176, -16.174901962280273, -16.34159278869629, -16.479463577270508, -16.584030151367188, -16.659767150878906, -16.69380760192871, -16.693336486816406, -16.637313842773438, -16.513792037963867, -16.315935134887695, -16.033554077148438, -15.652030944824219, -15.14859676361084, -14.516077995300293, -13.731538772583008, -12.786299705505371, -11.702271461486816, -10.47568416595459, -9.118393898010254, -7.645577430725098, -6.078855037689209, -4.4433488845825195, -2.7668261528015137, -1.0768340826034546, 0.5979454517364502, 2.228620767593384, 3.7799415588378906, 5.2214179039001465, 6.528120040893555, 7.6913652420043945, 8.691703796386719, 9.521687507629395, 10.165614128112793, 10.631819725036621, 10.902202606201172, 10.980879783630371, 10.865337371826172, 10.558266639709473, 10.064695358276367, 9.375643730163574, 8.512226104736328, 7.491926670074463, 6.329366207122803, 5.040905952453613, 3.651358127593994, 2.165822982788086, 0.620532751083374, -0.9564504623413086, -2.538787603378296, -4.097239971160889, -5.611556529998779, -7.05728006362915, -8.418020248413086, -9.67076301574707, -10.8037691116333, -11.816081047058105, -12.70723819732666, -13.477906227111816, -14.13160228729248, -14.680438041687012, -15.14671516418457, -15.527654647827148, -15.833114624023438, -16.07267189025879, -16.25886344909668, -16.400882720947266, -16.478635787963867, -16.516721725463867, -16.50029945373535, -16.420806884765625, -16.2515869140625, -15.990898132324219, -15.626175880432129, -15.143538475036621, -14.53322982788086, -13.784357070922852, -12.893324851989746, -11.874468803405762, -10.724743843078613, -9.458989143371582, -8.092674255371094, -6.6448235511779785, -5.136192321777344, -3.5893044471740723, -2.0338785648345947, -0.49643561244010925, 0.9962911605834961, 2.419581651687622, 3.758073568344116, 4.999780178070068, 6.117471218109131, 7.101076602935791, 7.938547611236572, 8.622657775878906, 9.141209602355957, 9.502213478088379, 9.690818786621094, 9.681633949279785, 9.492724418640137, 9.117405891418457, 8.549467086791992, 7.781313419342041, 6.843337535858154, 5.730871677398682, 4.468142986297607, 3.074148178100586, 1.5711416006088257, -0.008859260939061642, -1.6356102228164673, -3.271162748336792, -4.886490345001221, -6.45779275894165, -7.954565525054932, -9.353200912475586, -10.631315231323242, -11.778833389282227, -12.78380298614502, -13.65198802947998, -14.379363059997559, -14.985190391540527, -15.483263969421387, -15.890246391296387, -16.19285011291504, -16.42083740234375, -16.573284149169922, -16.658355712890625, -16.68817901611328, -16.64644432067871, -16.524702072143555, -16.31978988647461, -16.005916595458984, -15.582995414733887, -15.042003631591797, -14.356720924377441, -13.516106605529785, -12.532621383666992, -11.406630516052246, -10.14204216003418, -8.74660873413086, -7.240130424499512, -5.649120807647705, -4.000132083892822, -2.3195688724517822, -0.6387590169906616, 1.00667142868042, 2.587033748626709, 4.074295520782471, 5.4433794021606445, 6.6842265129089355, 7.780392169952393, 8.728983879089355, 9.5236234664917, 10.186822891235352, 10.702282905578613, 11.102113723754883, 11.389217376708984, 11.58398151397705, 11.706254959106445, 11.769892692565918, 11.791109085083008, 11.785866737365723, 11.754298210144043, 11.719106674194336, 11.692204475402832, 11.655488967895508, 11.61938190460205, 11.586755752563477, 11.564157485961914, 11.54919147491455, 11.539056777954102, 11.532339096069336, 11.530587196350098, 11.529915809631348, 11.531207084655762, 11.532315254211426, 11.536178588867188, 11.540299415588379, 11.547477722167969, 11.555890083312988, 11.567192077636719, 11.579357147216797, 11.591570854187012, 11.604959487915039, 11.61828899383545, 11.635293960571289 ],