{
  "cnttask" : [ 10.494623184204102, 11.04841136932373, 8.827805519104004, 10.912741661071777, 0, 0, 0, 0, 0, 0, 0, 0, 0, 0, 0, 0, 0, 0, 0, 0, 0, 0, 0, 0, 0, 0, 0, 0, 0, 0, 0, 0, 0, 0, 0, 0, 0, 0, 0, 0, 0, 0, 0, 0, 0, 0, 0, 0, 0, 0, 0, 0, 0, 0, 0, 0, 0, 0, 0, 0, 0, 0, 0, 0, 0, 0, 0, 0, 0, 0, 0, 0, 0, 0, 0, 0, 0, 0, 0, 0, 0, 0, 0, 0, 0, 0, 0, 0, 0, 0, 0, 0, 0, 0, 0, 0, 0, 0, 0, 0, 0, 0, 0, 0, 0, 0, 0, 0, 0, 0 ],
  "smoothsum" : [ 9.852611541748047, 9.926399230957031, 10.002038955688477, 10.071235656738281, 10.138833999633789, 10.20261287689209, 10.268556594848633, 10.331276893615723, 10.38471794128418, 10.432703018188477, 10.47039794921875, 10.494301795959473, 10.494623184204102, 10.460602760314941, 10.372336387634277, 10.23072338104248, 10.036808013916016, 9.750528335571289, 9.371149063110352, 8.886489868164062, 8.28568172454834, 7.570172309875488, 6.721601963043213, 5.7510271072387695, 4.645290851593018, 3.4223034381866455, 2.105178117752075, 0.7045385241508484, -0.759381890296936, -2.2668187618255615, -3.7961056232452393, -5.318458557128906, -6.806274890899658, -8.240748405456543, -9.593583106994629, -10.857458114624023, -12.011417388916016, -13.041580200195312, -13.942054748535156, -14.68944263458252, -15.29465103149414, -15.752643585205078, -16.06116485595703, -16.20722007751465, -16.206722259521484, -16.04160499572754, -15.701242446899414, -15.198750495910645, -14.512869834899902, -13.652054786682129, -12.620055198669434, -11.427765846252441, -10.093232154846191, -8.628853797912598, -7.065101623535156, -5.409177303314209, -3.694173812866211, -1.9582210779190063, -0.22798272967338562, 1.4637560844421387, 3.0905282497406006, 4.615354061126709, 6.02912712097168, 7.296804428100586, 8.408356666564941, 9.337142944335938, 10.053750991821289, 10.577902793884277, 10.914224624633789, 11.04841136932373, 10.976115226745605, 10.693984031677246, 10.214761734008789, 9.527307510375977, 8.640251159667969, 7.585681438446045, 6.386877536773682, 5.031625270843506, 3.560833692550659, 2.0009939670562744, 0.3748328387737274, -1.2866129875183105, -2.95440673828125, -4.595437526702881, -6.181834697723389, -7.685399055480957, -9.084346771240234, -10.36147403717041, -11.502546310424805, -12.500862121582031, -13.352073669433594, -14.058732032775879, -14.620344161987305, -15.071756362915039, -15.425411224365234, -15.710140228271484, -15.928337097167969, -16.05663299560547, -16.13795280456543, -16.201297760009766, -16.23286247253418, -16.245954513549805, -16.219951629638672, -16.1600399017334, -16.030078887939453, -15.833505630493164, -15.55105972290039, -15.171990394592285, -14.671378135681152, -14.037158966064453, -13.247267723083496, -12.307952880859375, -11.227385520935059, -10.007406234741211, -8.656959533691406, -7.189414978027344, -5.630234718322754, -4.004879951477051, -2.3390369415283203, -0.6695817112922668, 0.9610649347305298, 2.515789747238159, 3.9536643028259277, 5.245121955871582, 6.372213363647461, 7.318530082702637, 8.047380447387695, 8.553877830505371, 8.812712669372559, 8.827805519104004, 8.593013763427734, 8.117040634155273, 7.412529945373535, 6.500552654266357, 5.409542083740234, 4.140336990356445, 2.738399028778076, 1.2309913635253906, -0.34390151500701904, -1.9475336074829102, -3.552353620529175, -5.145150661468506, -6.684869766235352, -8.140608787536621, -9.49936294555664, -10.744157791137695, -11.859000205993652, -12.838995933532715, -13.686735153198242, -14.408242225646973, -15.002742767333984, -15.468805313110352, -15.817514419555664, -16.038806915283203, -16.139568328857422, -16.127201080322266, -16.006311416625977, -15.748604774475098, -15.366703987121582, -14.846149444580078, -14.192623138427734, -13.392036437988281, -12.440933227539062, -11.357254028320312, -10.151007652282715, -8.841620445251465, -7.4364800453186035, -5.955053806304932, -4.4161200523376465, -2.847641944885254, -1.2816393375396729, 0.2567077577114105, 1.7374935150146484, 3.135993003845215, 4.431206226348877, 5.612722873687744, 6.6699700355529785, 7.593579292297363, 8.38200569152832, 9.04541015625, 9.589561462402344, 10.019354820251465, 10.342809677124023, 10.581064224243164, 10.743661880493164, 10.841974258422852, 10.893484115600586, 10.912741661071777, 10.907166481018066, 10.887069702148438, 10.858115196228027, 10.830733299255371, 10.805567741394043, 10.773846626281738, 10.751786231994629, 10.732414245605469, 10.71704387664795, 10.711745262145996, 10.711193084716797, 10.716325759887695, 10.721076011657715, 10.729938507080078, 10.739612579345703, 10.751333236694336, 10.766524314880371, 10.785032272338867, 10.802960395812988, 10.823607444763184, 10.843928337097168, 10.86693000793457, 10.888517379760742, 10.90961742401123, 10.92944622039795, 10.949898719787598, 10.970906257629395, 10.987491607666016, 11.003632545471191, 11.019366264343262, 11.032646179199219, 11.04362964630127, 11.05530834197998 ],