{
  "cnttask" : [ 10.535272598266602, 10.610177040100098, 11.83251953125, 10.92361068725586, 10.9463529586792, 0, 0, 0, 0, 0, 0, 0, 0, 0, 0, 0, 0, 0, 0, 0, 0, 0, 0, 0, 0, 0, 0, 0, 0, 0, 0, 0, 0, 0, 0, 0, 0, 0, 0, 0, 0, 0, 0, 0, 0, 0, 0, 0, 0, 0, 0, 0, 0, 0, 0, 0, 0, 0, 0, 0, 0, 0, 0, 0, 0, 0, 0, 0, 0, 0, 0, 0, 0, 0, 0, 0, 0, 0, 0, 0, 0, 0, 0, 0, 0, 0, 0, 0, 0, 0, 0, 0, 0, 0, 0, 0, 0, 0, 0, 0, 0, 0, 0, 0, 0, 0, 0, 0, 0, 0, 0, 0, 0, 0, 0, 0, 0, 0, 0, 0 ],
  "smoothsum" : [ 10.2893705368042, 10.323441505432129, 10.357181549072266, 10.386889457702637, 10.414877891540527, 10.439574241638184, 10.46170425415039, 10.480034828186035, 10.495291709899902, 10.507830619812012, 10.516630172729492, 10.521154403686523, 10.52547550201416, 10.531054496765137, 10.535272598266602, 10.533246040344238, 10.552834510803223, 10.571700096130371, 10.597701072692871, 10.610177040100098, 10.60427188873291, 10.571701049804688, 10.510912895202637, 10.413833618164062, 10.245402336120605, 9.996506690979004, 9.6395263671875, 9.16622257232666, 8.552495002746582, 7.791952133178711, 6.8840203285217285, 5.822162628173828, 4.619680404663086, 3.2779932022094727, 1.8251317739486694, 0.2818712294101715, -1.320631742477417, -2.9509873390197754, -4.577840328216553, -6.166570663452148, -7.69215202331543, -9.129225730895996, -10.459615707397461, -11.655269622802734, -12.712937355041504, -13.621825218200684, -14.364884376525879, -14.971444129943848, -15.436005592346191, -15.787322044372559, -16.0076904296875, -16.10741424560547, -16.07583236694336, -15.925262451171875, -15.661248207092285, -15.271533966064453, -14.756068229675293, -14.097990989685059, -13.311345100402832, -12.389095306396484, -11.337740898132324, -10.166105270385742, -8.877179145812988, -7.493004322052002, -6.0233869552612305, -4.4962992668151855, -2.9391140937805176, -1.3721251487731934, 0.1767227202653885, 1.6820615530014038, 3.114616870880127, 4.45911979675293, 5.700756549835205, 6.833596229553223, 7.837940216064453, 8.717909812927246, 9.47523307800293, 10.104398727416992, 10.63464069366455, 11.054624557495117, 11.38465404510498, 11.615570068359375, 11.768519401550293, 11.83251953125, 11.811336517333984, 11.699525833129883, 11.49372673034668, 11.185324668884277, 10.758195877075195, 10.211271286010742, 9.523449897766113, 8.69339370727539, 7.715826988220215, 6.596205711364746, 5.334842681884766, 3.948260545730591, 2.458993673324585, 0.8926888108253479, -0.7262645959854126, -2.3676347732543945, -4.003235816955566, -5.598897457122803, -7.138397693634033, -8.582022666931152, -9.912262916564941, -11.105855941772461, -12.149797439575195, -13.044637680053711, -13.801127433776855, -14.425930976867676, -14.938314437866211, -15.33000659942627, -15.628954887390137, -15.85317325592041, -16.006967544555664, -16.10331916809082, -16.147531509399414, -16.134706497192383, -16.072099685668945, -15.949200630187988, -15.762137413024902, -15.489526748657227, -15.120994567871094, -14.64518928527832, -14.053481101989746, -13.33100700378418, -12.460017204284668, -11.462507247924805, -10.333404541015625, -9.082568168640137, -7.724410057067871, -6.274509429931641, -4.7583746910095215, -3.18757700920105, -1.6017992496490479, -0.023265084251761436, 1.5136871337890625, 2.976907253265381, 4.351465225219727, 5.627834796905518, 6.788617134094238, 7.826469898223877, 8.713776588439941, 9.463248252868652, 10.067364692687988, 10.522747039794922, 10.808693885803223, 10.92361068725586, 10.887653350830078, 10.699710845947266, 10.333783149719238, 9.790221214294434, 9.067110061645508, 8.169455528259277, 7.105651378631592, 5.881301403045654, 4.524674415588379, 3.0340254306793213, 1.4600226879119873, -0.17650637030601501, -1.8465954065322876, -3.517094612121582, -5.1569623947143555, -6.740111827850342, -8.237910270690918, -9.624491691589355, -10.879392623901367, -11.995013236999512, -12.96511459350586, -13.795123100280762, -14.487525939941406, -15.045205116271973, -15.487443923950195, -15.832075119018555, -16.09119415283203, -16.270841598510742, -16.387361526489258, -16.420494079589844, -16.358152389526367, -16.226726531982422, -16.011621475219727, -15.696041107177734, -15.268404960632324, -14.708512306213379, -14.013445854187012, -13.178709030151367, -12.19918441772461, -11.090925216674805, -9.854372024536133, -8.504786491394043, -7.058659076690674, -5.536862850189209, -3.9686784744262695, -2.3833229541778564, -0.8030765056610107, 0.7400971055030823, 2.215139865875244, 3.5959088802337646, 4.865672588348389, 6.01588249206543, 7.039112091064453, 7.9278564453125, 8.674379348754883, 9.292211532592773, 9.79128646850586, 10.178665161132812, 10.463253021240234, 10.667160987854004, 10.806493759155273, 10.889495849609375, 10.934924125671387, 10.9463529586792, 10.945300102233887, 10.936344146728516, 10.917441368103027, 10.894383430480957, 10.871065139770508, 10.847311973571777, 10.828678131103516, 10.815155982971191, 10.80185317993164, 10.791428565979004, 10.782488822937012, 10.776440620422363, 10.773017883300781, 10.771461486816406, 10.769697189331055, 10.770008087158203, 10.77163028717041, 10.776178359985352, 10.782651901245117, 10.790853500366211, 10.79941177368164, 10.808547019958496, 10.816657066345215, 10.825037002563477, 10.831908226013184, 10.840880393981934, 10.84799575805664, 10.854443550109863, 10.861583709716797 ],