{
  "cnttask" : [ 11.466288566589355, 9.400162696838379, 11.611774444580078, 11.593688011169434, 0, 0, 0, 0, 0, 0, 0, 0, 0, 0, 0, 0, 0, 0, 0, 0, 0, 0, 0, 0, 0, 0, 0, 0, 0, 0, 0, 0, 0, 0, 0, 0, 0, 0, 0, 0, 0, 0, 0, 0, 0, 0, 0, 0, 0, 0, 0, 0, 0, 0, 0, 0, 0, 0, 0, 0, 0, 0, 0, 0, 0, 0, 0, 0, 0, 0, 0, 0, 0, 0, 0, 0, 0, 0, 0, 0, 0, 0, 0, 0, 0, 0, 0, 0, 0, 0, 0, 0, 0, 0, 0, 0, 0, 0, 0, 0, 0, 0, 0, 0, 0, 0, 0, 0, 0, 0 ],
  "smoothsum" : [ 11.274478912353516, 11.332282066345215, 11.385273933410645, 11.441132545471191, 11.466288566589355, 11.455631256103516, 11.409527778625488, 11.333269119262695, 11.203657150268555, 11.004839897155762, 10.72114372253418, 10.33530330657959, 9.824601173400879, 9.18079662322998, 8.394918441772461, 7.472125053405762, 6.400514602661133, 5.1965532302856445, 3.8697261810302734, 2.4372189044952393, 0.9151353240013123, -0.6669996380805969, -2.2672033309936523, -3.8665003776550293, -5.433332443237305, -6.948935508728027, -8.388712882995605, -9.734184265136719, -10.962252616882324, -12.056543350219727, -13.021849632263184, -13.851375579833984, -14.557217597961426, -15.138457298278809, -15.625895500183105, -15.995526313781738, -16.24370002746582, -16.38723373413086, -16.435405731201172, -16.377166748046875, -16.214080810546875, -15.94686222076416, -15.5620756149292, -15.03862190246582, -14.373244285583496, -13.569626808166504, -12.61710262298584, -11.52927303314209, -10.314379692077637, -8.986651420593262, -7.5566325187683105, -6.046921730041504, -4.468881607055664, -2.8724257946014404, -1.2781322002410889, 0.27860501408576965, 1.7793282270431519, 3.204655647277832, 4.533802509307861, 5.728565216064453, 6.770771026611328, 7.6523332595825195, 8.359712600708008, 8.895313262939453, 9.239383697509766, 9.400162696838379, 9.365913391113281, 9.137224197387695, 8.72115421295166, 8.111220359802246, 7.318495273590088, 6.350871562957764, 5.237491130828857, 3.9875290393829346, 2.618985652923584, 1.1543633937835693, -0.36881133913993835, -1.9432376623153687, -3.5245656967163086, -5.09075403213501, -6.613992691040039, -8.073556900024414, -9.44841480255127, -10.722997665405273, -11.880455017089844, -12.896719932556152, -13.765423774719238, -14.486849784851074, -15.076874732971191, -15.5175142288208, -15.810638427734375, -15.948123931884766, -15.93138599395752, -15.762273788452148, -15.443058013916016, -14.96592903137207, -14.322308540344238, -13.525778770446777, -12.588491439819336, -11.51547622680664, -10.309556007385254, -8.99563980102539, -7.582488059997559, -6.097895622253418, -4.564915657043457, -3.0034091472625732, -1.4362995624542236, 0.10096818208694458, 1.5898799896240234, 3.004150867462158, 4.32979679107666, 5.553860187530518, 6.675008773803711, 7.68936824798584, 8.588995933532715, 9.375160217285156, 10.03632926940918, 10.578704833984375, 11.00027084350586, 11.32358169555664, 11.522611618041992, 11.611774444580078, 11.575224876403809, 11.41919994354248, 11.138373374938965, 10.72158432006836, 10.161609649658203, 9.464345932006836, 8.633182525634766, 7.6662726402282715, 6.576616287231445, 5.3607072830200195, 4.044626235961914, 2.636878252029419, 1.1687781810760498, -0.344338983297348, -1.867781162261963, -3.388734817504883, -4.873322486877441, -6.301149368286133, -7.6568803787231445, -8.916295051574707, -10.072412490844727, -11.116046905517578, -12.045915603637695, -12.851425170898438, -13.544395446777344, -14.135953903198242, -14.635293960571289, -15.036192893981934, -15.3734712600708, -15.65147876739502, -15.87794303894043, -16.05233383178711, -16.19719886779785, -16.294340133666992, -16.348976135253906, -16.339563369750977, -16.283782958984375, -16.158203125, -15.950910568237305, -15.654891014099121, -15.246859550476074, -14.72961711883545, -14.080328941345215, -13.304556846618652, -12.378244400024414, -11.332146644592285, -10.169920921325684, -8.903648376464844, -7.543577671051025, -6.104743957519531, -4.61049747467041, -3.0789029598236084, -1.5407788753509521, -0.017195293679833412, 1.4612380266189575, 2.8773162364959717, 4.214482307434082, 5.4567131996154785, 6.577476501464844, 7.580263137817383, 8.461856842041016, 9.220391273498535, 9.852275848388672, 10.37635612487793, 10.785299301147461, 11.101646423339844, 11.3238525390625, 11.475332260131836, 11.559868812561035, 11.593688011169434, 11.588834762573242, 11.554201126098633, 11.50732135772705, 11.452696800231934, 11.396047592163086, 11.32933235168457, 11.26515007019043, 11.20902156829834, 11.160463333129883, 11.119205474853516, 11.088653564453125, 11.065281867980957, 11.04755973815918, 11.036389350891113, 11.027558326721191, 11.023155212402344, 11.023451805114746, 11.028616905212402, 11.035929679870605, 11.044942855834961, 11.058215141296387, 11.072897911071777, 11.088262557983398, 11.103989601135254, 11.12175178527832, 11.13880443572998, 11.156115531921387, 11.175148010253906, 11.192922592163086 ],