{
  "cnttask" : [ 11.214424133300781, 10.387256622314453, 11.839942932128906, 0, 0, 0, 0, 0, 0, 0, 0, 0, 0, 0, 0, 0, 0, 0, 0, 0, 0, 0, 0, 0, 0, 0, 0, 0, 0, 0, 0, 0, 0, 0, 0, 0, 0, 0, 0, 0, 0, 0, 0, 0, 0, 0, 0, 0, 0, 0, 0, 0, 0, 0, 0, 0, 0, 0, 0, 0, 0, 0, 0, 0, 0, 0, 0, 0, 0, 0, 0, 0, 0, 0, 0, 0, 0, 0, 0, 0, 0, 0, 0, 0, 0, 0, 0, 0, 0, 0, 0, 0, 0, 0, 0, 0, 0, 0, 0, 0 ],
  "smoothsum" : [ 12.394200325012207, 12.360980033874512, 12.304279327392578, 12.210775375366211, 12.079670906066895, 11.889724731445312, 11.64607048034668, 11.30478572845459, 10.873692512512207, 10.326635360717773, 9.663050651550293, 8.867323875427246, 7.931735515594482, 6.858960151672363, 5.656588077545166, 4.337240695953369, 2.875121593475342, 1.3394484519958496, -0.2465970516204834, -1.865248680114746, -3.479936361312866, -5.06397819519043, -6.58679723739624, -8.02845573425293, -9.367249488830566, -10.589887619018555, -11.684041976928711, -12.639557838439941, -13.46684741973877, -14.148763656616211, -14.696807861328125, -15.11497688293457, -15.407327651977539, -15.586004257202148, -15.644627571105957, -15.59331226348877, -15.421164512634277, -15.143434524536133, -14.731269836425781, -14.203852653503418, -13.548603057861328, -12.777239799499512, -11.889867782592773, -10.89096450805664, -9.797919273376465, -8.617496490478516, -7.350027084350586, -6.026216983795166, -4.66552734375, -3.2851030826568604, -1.8900458812713623, -0.5063675045967102, 0.8488982319831848, 2.1561496257781982, 3.4048092365264893, 4.578497409820557, 5.674861907958984, 6.689908027648926, 7.617660999298096, 8.450800895690918, 9.182934761047363, 9.814105033874512, 10.331063270568848, 10.739739418029785, 11.029495239257812, 11.19180965423584, 11.214424133300781, 11.094193458557129, 10.819536209106445, 10.383057594299316, 9.78568172454834, 9.023358345031738, 8.104755401611328, 7.038779258728027, 5.829984188079834, 4.512917995452881, 3.0922651290893555, 1.5855662822723389, 0.030298637226223946, -1.5419580936431885, -3.1102874279022217, -4.650193214416504, -6.136385917663574, -7.5444655418396, -8.858983993530273, -10.065156936645508, -11.146342277526855, -12.101140975952148, -12.933170318603516, -13.653979301452637, -14.263925552368164, -14.76275634765625, -15.174729347229004, -15.505228996276855, -15.765390396118164, -15.952234268188477, -16.078758239746094, -16.13395881652832, -16.129032135009766, -16.048677444458008, -15.888335227966309, -15.630854606628418, -15.264944076538086, -14.789765357971191, -14.189233779907227, -13.451908111572266, -12.595643997192383, -11.603632926940918, -10.480148315429688, -9.23202133178711, -7.891401767730713, -6.470610618591309, -4.987522602081299, -3.4629013538360596, -1.925034999847412, -0.39812904596328735, 1.0968677997589111, 2.529161214828491, 3.8800623416900635, 5.13150691986084, 6.273025035858154, 7.29477596282959, 8.170093536376953, 8.909811019897461, 9.50862979888916, 9.961146354675293, 10.255250930786133, 10.387256622314453, 10.352925300598145, 10.157125473022461, 9.792535781860352, 9.25631046295166, 8.538521766662598, 7.649980545043945, 6.608341693878174, 5.424997806549072, 4.109298229217529, 2.690034866333008, 1.194285273551941, -0.3660139739513397, -1.964669942855835, -3.549483299255371, -5.102614879608154, -6.599709510803223, -8.016963005065918, -9.336509704589844, -10.546188354492188, -11.63321590423584, -12.58107852935791, -13.399750709533691, -14.086522102355957, -14.655220985412598, -15.107134819030762, -15.447651863098145, -15.68337631225586, -15.823395729064941, -15.8720064163208, -15.823427200317383, -15.672697067260742, -15.417983055114746, -15.059849739074707, -14.595198631286621, -14.01234245300293, -13.305627822875977, -12.47269058227539, -11.513111114501953, -10.437884330749512, -9.254112243652344, -7.969620227813721, -6.603954792022705, -5.1644086837768555, -3.6679837703704834, -2.15065860748291, -0.6301749348640442, 0.8677658438682556, 2.316956043243408, 3.697481632232666, 4.99854850769043, 6.200128078460693, 7.280661106109619, 8.240716934204102, 9.07080078125, 9.775135040283203, 10.35726547241211, 10.826055526733398, 11.188785552978516, 11.454547882080078, 11.639408111572266, 11.755523681640625, 11.818685531616211, 11.839942932128906, 11.832804679870605, 11.808209419250488, 11.772597312927246, 11.735533714294434, 11.699525833129883, 11.660613059997559, 11.61684799194336, 11.580177307128906, 11.552835464477539, 11.532014846801758 ],