{
  "cnttask" : [ 5.49125337600708, 7.674067974090576, 7.008167743682861, 0, 0, 0, 0, 0, 0, 0, 0, 0, 0, 0, 0, 0, 0, 0, 0, 0, 0, 0, 0, 0, 0, 0, 0, 0, 0, 0, 0, 0, 0, 0, 0, 0, 0, 0, 0, 0, 0, 0, 0, 0, 0, 0, 0, 0, 0, 0, 0, 0, 0, 0, 0, 0, 0, 0, 0, 0, 0, 0, 0, 0, 0, 0, 0, 0, 0, 0, 0, 0, 0, 0, 0, 0, 0, 0, 0, 0 ],
  "smoothsum" : [ -3.061018705368042, -3.011112928390503, -2.8761115074157715, -2.728775978088379, -2.5698328018188477, -2.3784916400909424, -2.132596015930176, -1.8279043436050415, -1.459435224533081, -1.028218150138855, -0.5355772376060486, 0.011234416626393795, 0.6084811687469482, 1.2360000610351562, 1.8849905729293823, 2.5315113067626953, 3.1757407188415527, 3.769667148590088, 4.299354076385498, 4.754439830780029, 5.106107234954834, 5.34685754776001, 5.4801435470581055, 5.49125337600708, 5.394562721252441, 5.191583633422852, 4.906732082366943, 4.550919055938721, 4.151472091674805, 3.7344274520874023, 3.3243467807769775, 2.9416024684906006, 2.6017086505889893, 2.265983819961548, 1.9857100248336792, 1.7817273139953613, 1.6438724994659424, 1.555824637413025, 1.5167090892791748, 1.5148993730545044, 1.5398619174957275, 1.5836372375488281, 1.6405283212661743, 1.7036105394363403, 1.7717046737670898, 1.8359546661376953, 1.8976781368255615, 1.966065764427185, 2.0438551902770996, 2.1400644779205322, 2.2493016719818115, 2.3865437507629395, 2.5583527088165283, 2.754301071166992, 2.9902026653289795, 3.2650034427642822, 3.5783607959747314, 3.9196341037750244, 4.295022010803223, 4.691451072692871, 5.101229190826416, 5.5097126960754395, 5.912330627441406, 6.298730373382568, 6.659499645233154, 6.981821537017822, 7.247115135192871, 7.455105304718018, 7.60179328918457, 7.674067974090576, 7.670104503631592, 7.586761474609375, 7.419328212738037, 7.17363977432251, 6.851034641265869, 6.4636125564575195, 6.0219502449035645, 5.542131423950195, 5.031760215759277, 4.5145697593688965, 3.9890828132629395, 3.471076488494873, 2.9899117946624756, 2.5560035705566406, 2.168351173400879, 1.8361626863479614, 1.5691927671432495, 1.3716657161712646, 1.240996241569519, 1.1712042093276978, 1.1604448556900024, 1.192000150680542, 1.2627449035644531, 1.3606374263763428, 1.475278615951538, 1.6038390398025513, 1.7416887283325195, 1.8893120288848877, 2.038038492202759, 2.1975841522216797, 2.3694136142730713, 2.5460801124572754, 2.735616683959961, 2.9522323608398438, 3.1954843997955322, 3.4703636169433594, 3.7789599895477295, 4.1229987144470215, 4.4892988204956055, 4.87378454208374, 5.257760047912598, 5.641923427581787, 6.0121049880981445, 6.343530178070068, 6.6174139976501465, 6.825798511505127, 6.961225986480713, 7.008167743682861, 6.950169086456299, 6.795536041259766, 6.547067165374756, 6.209349155426025, 5.789164066314697, 5.309729099273682, 4.7766876220703125, 4.21208381652832, 3.6302738189697266, 3.051110029220581, 2.488616943359375, 1.9651798009872437, 1.4756401777267456, 1.0293782949447632, 0.635305643081665, 0.2967112064361572, 0.005329584702849388, -0.23903363943099976, -0.4422071576118469, -0.6115279793739319, -0.7582418918609619, -0.8892260789871216, -1.0076327323913574, -1.1155450344085693, -1.219933032989502, -1.3177385330200195, -1.4149235486984253, -1.511718988418579, -1.6020288467407227, -1.6909085512161255, -1.7761335372924805, -1.848976492881775, -1.9142464399337769, -1.9709985256195068, -2.023193836212158, -2.060197591781616, -2.0971014499664307, -2.127562999725342, -2.1526572704315186, -2.170466661453247, -2.1849606037139893, -2.1949706077575684, -2.207857370376587 ],
  "sum" : [ 6.0466628074646, 6.4079790115356445, 6.27158784866333, 5.9700927734375, 5.970091819763184, 5.448456764221191, 5.118247985839844, 4.445864200592041, 2.495713949203491, -2.404787063598633, -4.158724784851074, -4.268795013427734, -5.017748832702637, -4.017548084259033, -4.47697114944458, -4.551148891448975, -3.893122911453247, -4.328616142272949, -3.692125082015991, -3.1034910678863525, -2.8666019439697266, -3.2015960216522217, -4.063013076782227, -3.7399818897247314, -3.6634109020233154, -2.644068956375122, -2.1583259105682373, -2.983849048614502, -2.014756917953491, -2.167897939682007, -2.5962131023406982, -2.572283983230591, -2.7086760997772217, -2.435894012451172, -1.7659029960632324, -0.5718849897384644, 10.466206550598145, 12.067004203796387, 10.3681001663208, 9.004192352294922, 9.57368278503418, 9.848856925964355, 10.150354385375977, 9.623931884765625, 8.590232849121094, 6.57308292388916, 5.254639148712158, 2.510071039199829, 1.899899959564209, 1.562512993812561, 0.06939200311899185, -1.3328020572662354, -1.531406044960022, -0.2799609899520874, -0.5790629982948303, -0.48335000872612, 2.6009979248046875, 2.2444679737091064, 2.1535398960113525, 1.899899959564209, 2.4813570976257324, 1.1222339868545532, 1.3471590280532837, 2.0123629570007324, 3.1010990142822266, 3.6729819774627686, 3.1393840312957764, 1.7802590131759644, 1.0265209674835205, 1.6701899766921997, 1.2418750524520874, 0.5072770118713379, 1.1341979503631592, 1.7611180543899536, 1.8879369497299194, 2.2779669761657715, 2.572283983230591, 3.713660955429077, 4.003191947937012, 4.749752998352051, 5.819344997406006, 6.843472003936768, 7.077970027923584, 8.566304206848145, 8.628518104553223, 8.501699447631836, 8.642873764038086, 8.891729354858398, 8.791229248046875, 8.884550094604492, 9.183653831481934, 8.901300430297852, 8.874979972839355, 8.848658561706543, 9.090333938598633, 8.499305725097656, 8.499305725097656, 7.377071857452393, 5.388637065887451, 3.1968119144439697, 0.653240978717804, -0.732204020023346, -1.071984052658081, -0.9116659760475159, 0.22253300249576569, 0.7944160103797913, 0.37328100204467773, 0.1004989966750145, -0.399601012468338, -0.97148597240448, -0.8901309967041016, 0.6675980091094971, 1.3040879964828491, 3.184847116470337, 2.991028070449829, 1.5361920595169067, 3.1537399291992188, 4.6779680252075195, 3.63948392868042, 2.0841479301452637, 1.5481560230255127, 1.8376879692077637, 1.430907964706421, 1.050449013710022, 1.931007981300354, 1.76350998878479, 2.4741790294647217, 3.821337938308716, 4.2089738845825195, 4.907679080963135, 5.558526992797852, 6.247660160064697, 5.905487060546875, 7.865208148956299, 9.671788215637207, 9.712467193603516, 9.67418098449707, 10.542777061462402, 10.470992088317871, 10.219746589660645, 9.530611991882324, 9.415756225585938, 8.295916557312012, 6.372086048126221, 3.8069820404052734, 2.1942179203033447, -0.2967100143432617, -1.0336990356445312, -1.4045859575271606, -1.9046859741210938, -1.2083749771118164, -0.4570290148258209, -1.0887329578399658, -0.5096709728240967, -0.11246299743652344, 0.7728819847106934, -0.5814549922943115, 0.5407770276069641, 0.06460600346326828, -0.5288130044937134, -1.5003000497817993, -1.8041870594024658, -2.146362066268921, -1.5768699645996094, -1.885543942451477, -1.7276170253753662, -2.1032910346984863, -1.9597220420837402, -2.0434699058532715, -2.0051848888397217, -1.852046012878418, -1.94297194480896, -1.8951150178909302, -2.354537010192871, -2.581855058670044, -2.6368908882141113, -2.4263219833374023, -2.3234310150146484, -2.0315070152282715, -2.0004000663757324 ],
  "time" : 13.946
}
