{
  "cnttask" : [ 6.198549270629883, 7.019391059875488, 8.702866554260254, 0, 0, 0, 0, 0, 0, 0, 0, 0, 0, 0, 0, 0, 0, 0, 0, 0, 0, 0, 0, 0, 0, 0, 0, 0, 0, 0, 0, 0, 0, 0, 0, 0, 0, 0, 0, 0, 0, 0, 0, 0, 0, 0, 0, 0, 0, 0, 0, 0, 0, 0, 0, 0, 0, 0, 0, 0, 0, 0, 0, 0, 0, 0, 0, 0, 0, 0, 0, 0, 0, 0, 0, 0, 0, 0, 0, 0, 0, 0, 0, 0, 0, 0, 0, 0, 0, 0 ],
  "smoothsum" : [ -3.374267578125, -3.335970878601074, -3.284942150115967, -3.229527711868286, -3.171069383621216, -3.1042656898498535, -3.0248825550079346, -2.933600902557373, -2.8296735286712646, -2.7139837741851807, -2.5882833003997803, -2.445660352706909, -2.2874655723571777, -2.115262031555176, -1.9229447841644287, -1.7133737802505493, -1.4727479219436646, -1.207253098487854, -0.9051309823989868, -0.5701635479927063, -0.20380671322345734, 0.19957700371742249, 0.6482400298118591, 1.1375728845596313, 1.6669964790344238, 2.224432945251465, 2.7953245639801025, 3.3687427043914795, 3.9247689247131348, 4.467681884765625, 4.965688705444336, 5.401257514953613, 5.757577419281006, 6.012318134307861, 6.158546447753906, 6.198549270629883, 6.1292500495910645, 5.951058387756348, 5.669310092926025, 5.301201820373535, 4.858026504516602, 4.365889072418213, 3.8491129875183105, 3.329528331756592, 2.835456132888794, 2.3942105770111084, 1.9885443449020386, 1.6463781595230103, 1.3717454671859741, 1.171712875366211, 1.0414268970489502, 0.983365535736084, 0.9754522442817688, 1.0060820579528809, 1.0640764236450195, 1.1354024410247803, 1.2103437185287476, 1.2880810499191284, 1.3597185611724854, 1.4291971921920776, 1.4947184324264526, 1.5633584260940552, 1.6357208490371704, 1.7231314182281494, 1.8360177278518677, 1.9881681203842163, 2.1801905632019043, 2.4183523654937744, 2.7063522338867188, 3.0469441413879395, 3.4290482997894287, 3.8515584468841553, 4.306053161621094, 4.774009704589844, 5.239542007446289, 5.681579113006592, 6.068178653717041, 6.417083740234375, 6.69856071472168, 6.9050984382629395, 7.009624004364014, 7.019391059875488, 6.92240571975708, 6.725237846374512, 6.433008670806885, 6.062370300292969, 5.6240339279174805, 5.133634090423584, 4.610341548919678, 4.079714775085449, 3.5580217838287354, 3.056424140930176, 2.5949504375457764, 2.1861562728881836, 1.841183066368103, 1.5696091651916504, 1.3718897104263306, 1.2523120641708374, 1.1980818510055542, 1.1936466693878174, 1.2368501424789429, 1.3159011602401733, 1.42439603805542, 1.546321153640747, 1.6657944917678833, 1.7873609066009521, 1.8988635540008545, 1.9921742677688599, 2.067538022994995, 2.130502223968506, 2.183251142501831, 2.2366573810577393, 2.2947463989257812, 2.3659112453460693, 2.458749532699585, 2.579423427581787, 2.7281174659729004, 2.924323797225952, 3.166290283203125, 3.4496428966522217, 3.776031017303467, 4.140100479125977, 4.540055751800537, 4.973403453826904, 5.435526371002197, 5.918098449707031, 6.411919116973877, 6.900201797485352, 7.320263385772705, 7.714692115783691, 8.069234848022461, 8.357544898986816, 8.568737983703613, 8.685778617858887, 8.702866554260254, 8.619916915893555, 8.425323486328125, 8.126021385192871, 7.731256008148193, 7.253305435180664, 6.702685356140137, 6.0928874015808105, 5.442205905914307, 4.763676643371582, 4.078516960144043, 3.4075140953063965, 2.76759934425354, 2.1722629070281982, 1.6188241243362427, 1.123465895652771, 0.6969019770622253, 0.3361079692840576, 0.04121297970414162, -0.1876588612794876, -0.3606632649898529, -0.4901229441165924, -0.5861878395080566, -0.6631538271903992, -0.7285299897193909, -0.7405568957328796, -0.751765787601471, -0.7622005939483643, -0.7721641063690186, -0.7825731039047241, -0.7927290797233582, -0.8028265237808228, -0.8125438690185547, -0.8230970501899719, -0.8337628245353699, -0.8441504836082458, -0.8549610376358032, -0.8652861714363098, -0.8759084343910217, -0.886287271976471, -0.8961046934127808, -0.9058560729026794, -0.9159383773803711, -0.9246623516082764, -0.9338244199752808, -0.9424530267715454, -0.9511069655418396 ],
  "sum" : [ 5.312066078186035, 5.249853134155273, 5.254638195037842, 5.20678186416626, 5.2689948081970215, 5.31685209274292, 5.350350856781006, 5.264211177825928, 5.608777046203613, 5.278565883636475, 5.47477912902832, 5.307281017303467, -2.8546369075775146, -2.502892017364502, -2.5148580074310303, -2.9240291118621826, -3.177669048309326, -3.3954150676727295, -3.7495529651641846, -3.850050926208496, -3.273380994796753, -3.613162040710449, -3.613162040710449, -3.428915023803711, -2.9335999488830566, -3.5222361087799072, -3.3571300506591797, -3.649055004119873, -3.486341953277588, -3.227916955947876, -2.498106002807617, -1.0193419456481934, -3.079561948776245, -3.2757740020751953, -1.966899037361145, -1.6821550130844116, -0.399601012468338, -0.35174500942230225, -0.9954140186309814, -1.1796610355377197, -0.7369899749755859, -0.41395899653434753, -0.028713999316096306, 0.08853399753570557, -0.22971099615097046, 0.8518450260162354, 1.7994019985198975, 2.464607000350952, 4.398006916046143, 5.726025104522705, 7.058826923370361, 8.798407554626465, 10.990234375, 11.406585693359375, 10.334600448608398, 9.846465110778809, 9.635896682739258, 9.343972206115723, 9.008976936340332, 7.623534202575684, 4.910071849822998, 2.871387004852295, 0.9738789796829224, 0.26799601316452026, -1.316051959991455, -1.1461620330810547, -1.732403039932251, -2.593820095062256, -3.290131092071533, -2.2133610248565674, -0.47617200016975403, 1.4213379621505737, 2.342573881149292, 3.670588970184326, 2.8450660705566406, 1.998005986213684, 2.495712995529175, 2.4023940563201904, 3.0628130435943604, 6.305087089538574, 1.5194430351257324, -0.3804590106010437, -1.9214370250701904, -0.770488977432251, -0.49531498551368713, 1.0480560064315796, 1.038485050201416, 1.4452650547027588, 2.1990039348602295, 2.730211019515991, 2.6129629611968994, 2.7900309562683105, 2.9144580364227295, 4.383649826049805, 6.386444091796875, 7.781458854675293, 9.176473617553711, 9.82014274597168, 9.6526460647583, 9.738788604736328, 9.377471923828125, 9.413365364074707, 9.805788040161133, 10.035497665405273, 9.37268352508545, 7.860422134399414, 6.594618797302246, 5.493920803070068, 3.696911096572876, 1.9812569618225098, 0.7896320223808289, -0.5048850178718567, -1.665405035018921, -1.45244300365448, -2.187040090560913, -1.0313069820404053, -0.4642069935798645, -0.4594219923019409, -0.25603199005126953, 1.7060819864273071, 2.7876389026641846, 2.6081759929656982, 2.263608932495117, 2.5411770343780518, 3.08434796333313, 2.495713949203491, 2.1631109714508057, 2.0721840858459473, 2.0267210006713867, 2.3234310150146484, 2.761317014694214, 3.933799982070923, 3.5940189361572266, 1.6869399547576904, 1.3232300281524658, 0.49292200803756714, 0.5383849740028381, 0.5431709885597229, 0.21296100318431854, 2.464607000350952, 3.83569598197937, 4.543971061706543, 4.84785795211792, 5.398208141326904, 6.338586807250977, 6.740581035614014, 7.889135837554932, 8.257631301879883, 7.920241832733154, 7.372286796569824, 7.621140003204346, 10.700701713562012, 11.937792778015137, 11.631510734558105, 12.035898208618164, 11.837292671203613, 10.698309898376465, 10.26042366027832, 10.52363395690918, 10.782058715820312, 11.289336204528809, 10.387243270874023, -0.40917301177978516, -0.43310099840164185, -0.47138500213623047, -0.5886350274085999, -0.3780660033226013, -0.5910279750823975, -0.6771680116653442, -0.6556339859962463, -0.6101700067520142, -0.6795610189437866, -0.7800610065460205, -0.7010970115661621, -0.770488977432251, -0.6723830103874207, -0.681954026222229, -0.7465609908103943, -0.7226319909095764, -0.6580259799957275, -0.8566300272941589, -0.770488977432251, -0.8207380175590515, -0.7944170236587524, -0.8159530162811279, -0.8159530162811279, -0.8350949883460999, -0.7992029786109924, -0.8231300115585327, -0.8925219774246216, -0.7920250296592712, -0.7154549956321716, -0.8231319785118103, -0.9714850187301636, -1.0001989603042603, -0.9930210113525391, -1.0791629552841187, -0.9523429870605469, -1.0408769845962524, -1.0217349529266357 ],
  "time" : 17.481
}
